email,loign
rhelian0@phoca.cz,abcd
dretchless1@sun.com,abcd
nmeeking2@wsj.com,abcd
awestmerland3@i2i.jp,abcd
asydry4@edublogs.org,abcd
dbuntine5@businessweek.com,abcd
cpoppleton6@dyndns.org,abcd
lbroggini7@123-reg.co.uk,abcd
mbrockie8@naver.com,abcd
lcassley9@blogspot.com,abcd
vagera@myspace.com,abcd
awhitehouseb@sohu.com,abcd
pbrehaultc@sciencedirect.com,abcd
hduigand@parallels.com,abcd
jcrippse@alexa.com,abcd
jwallbridgef@youtu.be,abcd
cstaintong@usda.gov,abcd
btomlinh@people.com.cn,abcd
srivallandi@slate.com,abcd
rwanjekj@altervista.org,abcd
hfinnerank@bluehost.com,abcd
htraherl@marketwatch.com,abcd
ckasperskim@biglobe.ne.jp,abcd
blandelln@mozilla.com,abcd
mfaulkenero@cornell.edu,abcd
abathp@dion.ne.jp,abcd
jborgesioq@canalblog.com,abcd
bmacpadener@taobao.com,abcd
cmallens@nhs.uk,abcd
wsweetent@va.gov,abcd
jdymicku@eepurl.com,abcd
csabatiniv@clickbank.net,abcd
twindw@feedburner.com,abcd
arobertuccix@sitemeter.com,abcd
moldnally@wikimedia.org,abcd
rphillottz@baidu.com,abcd
kharley10@ezinearticles.com,abcd
dquincey11@blogs.com,abcd
bmoniker12@salon.com,abcd
tjaukovic13@techcrunch.com,abcd
ldiament14@qq.com,abcd
msignoret15@myspace.com,abcd
kelliston16@pen.io,abcd
rjowers17@edublogs.org,abcd
emaysor18@goo.gl,abcd
gparratt19@canalblog.com,abcd
bhamshere1a@illinois.edu,abcd
bskrines1b@senate.gov,abcd
yshergill1c@surveymonkey.com,abcd
pcornwall1d@pagesperso-orange.fr,abcd
cwayte1e@soundcloud.com,abcd
ewishkar1f@4shared.com,abcd
lphillipson1g@tripod.com,abcd
lsilversmid1h@springer.com,abcd
ssnow1i@google.it,abcd
ecahalan1j@google.com,abcd
cfrickey1k@businesswire.com,abcd
agammell1l@example.com,abcd
ihars1m@latimes.com,abcd
lmcduffie1n@eventbrite.com,abcd
aitzakson1o@unc.edu,abcd
kseekings1p@opera.com,abcd
rlemarchand1q@hc360.com,abcd
mordish1r@uiuc.edu,abcd
malban1s@wp.com,abcd
ppogg1t@chron.com,abcd
acoucha1u@cdc.gov,abcd
gredington1v@forbes.com,abcd
nikringill1w@webs.com,abcd
thatliff1x@ca.gov,abcd
cseviour1y@myspace.com,abcd
lprujean1z@hud.gov,abcd
glasselle20@independent.co.uk,abcd
mchurchin21@bizjournals.com,abcd
bhorney22@bing.com,abcd
dort23@omniture.com,abcd
mtremmil24@techcrunch.com,abcd
bperroni25@booking.com,abcd
lseczyk26@dagondesign.com,abcd
wparsonson27@wsj.com,abcd
vdenning28@addtoany.com,abcd
mmingauld29@tiny.cc,abcd
igregorace2a@elpais.com,abcd
mwelland2b@geocities.jp,abcd
havon2c@amazonaws.com,abcd
nquade2d@trellian.com,abcd
mbaal2e@multiply.com,abcd
iplastow2f@gizmodo.com,abcd
groll2g@sciencedirect.com,abcd
lkorfmann2h@nyu.edu,abcd
mdeeks2i@illinois.edu,abcd
dogan2j@woothemes.com,abcd
bdizlie2k@taobao.com,abcd
mface2l@nsw.gov.au,abcd
rpaulat2m@stanford.edu,abcd
kwilshin2n@icio.us,abcd
rhamor2o@trellian.com,abcd
schaffin2p@dmoz.org,abcd
hredler2q@archive.org,abcd
ogayton2r@nsw.gov.au,abcd
ksalkeld2s@bloomberg.com,abcd
hbampforth2t@columbia.edu,abcd
fandreichik2u@purevolume.com,abcd
mohagan2v@networkadvertising.org,abcd
kburchard2w@cbc.ca,abcd
blathwell2x@amazon.de,abcd
lbygreaves2y@soup.io,abcd
bdace2z@istockphoto.com,abcd
ncaltun30@miitbeian.gov.cn,abcd
acunningham31@ehow.com,abcd
mlodden32@theguardian.com,abcd
cbullivant33@macromedia.com,abcd
skeele34@vistaprint.com,abcd
ematieu35@yandex.ru,abcd
mdouthwaite36@mapquest.com,abcd
tmeale37@nih.gov,abcd
hcapron38@admin.ch,abcd
ediplock39@spiegel.de,abcd
jevenden3a@state.tx.us,abcd
aweekley3b@cdc.gov,abcd
whearse3c@opensource.org,abcd
plarrie3d@scribd.com,abcd
bkingzeth3e@dot.gov,abcd
avaugham3f@woothemes.com,abcd
abridgement3g@infoseek.co.jp,abcd
nthirwell3h@scribd.com,abcd
blongmire3i@dyndns.org,abcd
erydings3j@hud.gov,abcd
dlinsay3k@ucla.edu,abcd
dgodlip3l@imdb.com,abcd
tstairmand3m@github.com,abcd
gabbison3n@yelp.com,abcd
khagstone3o@dmoz.org,abcd
urojel3p@ebay.co.uk,abcd
efalco3q@yahoo.com,abcd
crolf3r@china.com.cn,abcd
ooganian3s@qq.com,abcd
aarrundale3t@gov.uk,abcd
cfairburne3u@w3.org,abcd
dpuckett3v@wunderground.com,abcd
sgallego3w@elpais.com,abcd
dpamment3x@digg.com,abcd
hsussans3y@time.com,abcd
gskinn3z@google.co.jp,abcd
bsleightholme40@youku.com,abcd
lmirfin41@hibu.com,abcd
wwilsone42@goo.gl,abcd
fteal43@studiopress.com,abcd
djirasek44@reuters.com,abcd
acoch45@elpais.com,abcd
kmatous46@guardian.co.uk,abcd
srosenfelder47@exblog.jp,abcd
nkauschke48@ezinearticles.com,abcd
ahens49@quantcast.com,abcd
cgershom4a@t.co,abcd
mmedcraft4b@google.es,abcd
jcropp4c@list-manage.com,abcd
lhambidge4d@pagesperso-orange.fr,abcd
tpierrepoint4e@ehow.com,abcd
rjeaves4f@cisco.com,abcd
ktetley4g@cmu.edu,abcd
memanson4h@rakuten.co.jp,abcd
dgun4i@prweb.com,abcd
whuggan4j@tuttocitta.it,abcd
slongbothom4k@blinklist.com,abcd
amullane4l@google.cn,abcd
nkording4m@parallels.com,abcd
zguile4n@whitehouse.gov,abcd
achipping4o@mit.edu,abcd
jubsdale4p@apple.com,abcd
acolam4q@fastcompany.com,abcd
lcopeland4r@ocn.ne.jp,abcd
tivanyushkin4s@blinklist.com,abcd
dbrummitt4t@wp.com,abcd
rpachta4u@gravatar.com,abcd
plaskey4v@plala.or.jp,abcd
dreddish4w@amazon.co.jp,abcd
sbalk4x@rakuten.co.jp,abcd
jfroude4y@who.int,abcd
arainsdon4z@stanford.edu,abcd
rstowell50@skyrock.com,abcd
everrico51@nifty.com,abcd
bglascott52@hao123.com,abcd
oburdfield53@tamu.edu,abcd
ctanzig54@japanpost.jp,abcd
slambell55@free.fr,abcd
atimmermann56@cpanel.net,abcd
membury57@apache.org,abcd
jlernihan58@dailymail.co.uk,abcd
efosh59@taobao.com,abcd
dethridge5a@usnews.com,abcd
eoreagan5b@bandcamp.com,abcd
lmacalroy5c@theguardian.com,abcd
cfountaine5d@exblog.jp,abcd
cpeatt5e@vk.com,abcd
jweedall5f@baidu.com,abcd
ajaffrey5g@geocities.jp,abcd
ccullerne5h@netvibes.com,abcd
jrattenberie5i@g.co,abcd
kgrishunin5j@themeforest.net,abcd
rkadd5k@kickstarter.com,abcd
gnorvel5l@blogspot.com,abcd
jubsdell5m@constantcontact.com,abcd
jbecke5n@smugmug.com,abcd
rogarmen5o@blinklist.com,abcd
hsone5p@spotify.com,abcd
nlingley5q@biglobe.ne.jp,abcd
ofaulo5r@mayoclinic.com,abcd
nlambot5s@macromedia.com,abcd
dendricci5t@craigslist.org,abcd
pcullinan5u@timesonline.co.uk,abcd
mgobeau5v@intel.com,abcd
iateggart5w@dailymotion.com,abcd
nlindemann5x@youtube.com,abcd
msiddaley5y@oaic.gov.au,abcd
wrigge5z@digg.com,abcd
mrosewell60@flickr.com,abcd
cwheeler61@is.gd,abcd
bdickin62@arizona.edu,abcd
shunsworth63@ycombinator.com,abcd
wmcgeachie64@nba.com,abcd
gbagwell65@economist.com,abcd
coverthrow66@ihg.com,abcd
stichner67@epa.gov,abcd
qbirt68@posterous.com,abcd
mjohnke69@stanford.edu,abcd
sronisch6a@pcworld.com,abcd
ebosquet6b@soup.io,abcd
tgunthorpe6c@disqus.com,abcd
hswinfon6d@latimes.com,abcd
abrannon6e@vkontakte.ru,abcd
chubbard6f@engadget.com,abcd
bwhye6g@cloudflare.com,abcd
aknibbs6h@ezinearticles.com,abcd
lwankling6i@mac.com,abcd
rwetton6j@acquirethisname.com,abcd
gscawn6k@istockphoto.com,abcd
plattka6l@amazon.co.uk,abcd
jmccaighey6m@mozilla.org,abcd
nvannoort6n@amazon.com,abcd
bwapplington6o@weibo.com,abcd
lbrixey6p@xrea.com,abcd
acoplestone6q@123-reg.co.uk,abcd
gbosma6r@printfriendly.com,abcd
maiers6s@wunderground.com,abcd
apatman6t@globo.com,abcd
imactrusty6u@istockphoto.com,abcd
eemig6v@yolasite.com,abcd
odutnall6w@usa.gov,abcd
wgrunguer6x@chronoengine.com,abcd
ccerith6y@360.cn,abcd
nhamon6z@nationalgeographic.com,abcd
csimanek70@feedburner.com,abcd
tfollin71@joomla.org,abcd
gdumbar72@home.pl,abcd
laitken73@noaa.gov,abcd
gowlner74@icq.com,abcd
fbuttrum75@sitemeter.com,abcd
dhartegan76@tripadvisor.com,abcd
hcarnier77@networksolutions.com,abcd
keaseman78@istockphoto.com,abcd
mtarpey79@prlog.org,abcd
mcapelow7a@nasa.gov,abcd
qgresty7b@geocities.jp,abcd
jmerriott7c@etsy.com,abcd
kjerams7d@about.me,abcd
nmerigot7e@nationalgeographic.com,abcd
kkrochmann7f@msu.edu,abcd
idye7g@slideshare.net,abcd
rchampniss7h@weather.com,abcd
estout7i@odnoklassniki.ru,abcd
shunting7j@census.gov,abcd
gdinsmore7k@about.me,abcd
fbrimblecombe7l@pcworld.com,abcd
edigan7m@ocn.ne.jp,abcd
lbineham7n@japanpost.jp,abcd
sganter7o@narod.ru,abcd
mraggett7p@cmu.edu,abcd
elevison7q@europa.eu,abcd
mstouther7r@vk.com,abcd
epolamontayne7s@cbsnews.com,abcd
wtobias7t@constantcontact.com,abcd
selliss7u@vistaprint.com,abcd
dburniston7v@wordpress.com,abcd
ahullbrook7w@flavors.me,abcd
hklagges7x@bing.com,abcd
bkeinrat7y@creativecommons.org,abcd
chartfield7z@netlog.com,abcd
cpavitt80@odnoklassniki.ru,abcd
lburborough81@bravesites.com,abcd
gwebb82@ebay.com,abcd
bstorror83@cnet.com,abcd
anewband84@etsy.com,abcd
pchark85@amazon.com,abcd
bglencros86@nymag.com,abcd
cadamiec87@ebay.com,abcd
fellingham88@ning.com,abcd
geaddy89@geocities.com,abcd
gblabber8a@mtv.com,abcd
mdoerr8b@fastcompany.com,abcd
jbetho8c@last.fm,abcd
jbirkbeck8d@microsoft.com,abcd
kchesnut8e@wordpress.com,abcd
eguirardin8f@deviantart.com,abcd
jharring8g@weather.com,abcd
lguilliatt8h@blogs.com,abcd
evictoria8i@scientificamerican.com,abcd
cpetchey8j@themeforest.net,abcd
grosenstiel8k@epa.gov,abcd
mbreckwell8l@geocities.com,abcd
kweetch8m@buzzfeed.com,abcd
pswindell8n@irs.gov,abcd
bwittier8o@redcross.org,abcd
mmaccrossan8p@nasa.gov,abcd
snaughton8q@mayoclinic.com,abcd
clisett8r@etsy.com,abcd
amartijn8s@vinaora.com,abcd
nrojel8t@ca.gov,abcd
hmacmeekan8u@networksolutions.com,abcd
lfostersmith8v@com.com,abcd
fdemogeot8w@qq.com,abcd
bknights8x@51.la,abcd
fduell8y@cpanel.net,abcd
cbradlaugh8z@joomla.org,abcd
rlowey90@yellowpages.com,abcd
bmcclenaghan91@gmpg.org,abcd
spoone92@surveymonkey.com,abcd
estripp93@naver.com,abcd
lorrice94@networksolutions.com,abcd
tventon95@ed.gov,abcd
kescudier96@dion.ne.jp,abcd
jmoakes97@canalblog.com,abcd
prizzotto98@behance.net,abcd
lgirk99@tmall.com,abcd
bjosephov9a@addtoany.com,abcd
efreezor9b@meetup.com,abcd
nmoden9c@dedecms.com,abcd
agoldenofireland9d@loc.gov,abcd
mmillhouse9e@homestead.com,abcd
jagiolfinger9f@netscape.com,abcd
jkinzel9g@mozilla.org,abcd
oashford9h@edublogs.org,abcd
hfreestone9i@jigsy.com,abcd
ghumburton9j@last.fm,abcd
pswadden9k@themeforest.net,abcd
kweond9l@latimes.com,abcd
rsarll9m@arizona.edu,abcd
tgrady9n@yahoo.co.jp,abcd
bboosey9o@cisco.com,abcd
skurth9p@amazonaws.com,abcd
agosson9q@springer.com,abcd
gspowage9r@google.co.jp,abcd
irowesby9s@merriam-webster.com,abcd
gwinship9t@paginegialle.it,abcd
bsketch9u@statcounter.com,abcd
lfahrenbach9v@hud.gov,abcd
scolquhoun9w@dot.gov,abcd
achadwell9x@ucla.edu,abcd
msussex9y@joomla.org,abcd
cciementini9z@meetup.com,abcd
rwiggina0@tmall.com,abcd
rhatrya1@nifty.com,abcd
wlowthiana2@phpbb.com,abcd
acoltona3@ca.gov,abcd
agabbitisa4@goo.ne.jp,abcd
lbrennenstuhla5@last.fm,abcd
esandysa6@google.com.br,abcd
bfolliotta7@moonfruit.com,abcd
gantonioa8@wordpress.org,abcd
mwillmenta9@about.com,abcd
kbrownhillaa@github.com,abcd
cbernetab@uiuc.edu,abcd
ovakhrushevac@desdev.cn,abcd
dbrogginiad@eventbrite.com,abcd
asabeyae@google.cn,abcd
flibbisaf@mashable.com,abcd
jigglesdenag@feedburner.com,abcd
rdelgadoah@npr.org,abcd
mgehrelsai@epa.gov,abcd
epaddingtonaj@cornell.edu,abcd
cnenciak@ovh.net,abcd
mbossal@nationalgeographic.com,abcd
mfrancilloam@gmpg.org,abcd
epaprotnyan@ucla.edu,abcd
esimmgenao@businesswire.com,abcd
dgreenhalghap@guardian.co.uk,abcd
ypendryaq@nature.com,abcd
mlydiattar@accuweather.com,abcd
masmusas@xing.com,abcd
lemeneyat@statcounter.com,abcd
rmacdonoughau@foxnews.com,abcd
dknowlysav@vimeo.com,abcd
rpeperellaw@mit.edu,abcd
nmeighanax@github.com,abcd
asleightholmeay@jimdo.com,abcd
ogoscombaz@surveymonkey.com,abcd
btomeob0@devhub.com,abcd
kborrieb1@wiley.com,abcd
fvannarb2@smh.com.au,abcd
bmirrleesb3@state.gov,abcd
tbowsherb4@geocities.com,abcd
swaterworthb5@clickbank.net,abcd
pkybertb6@stanford.edu,abcd
adevereub7@noaa.gov,abcd
asedworthb8@google.com.br,abcd
ccamisb9@theglobeandmail.com,abcd
dpincottba@cbc.ca,abcd
sglencroschebb@homestead.com,abcd
lwerritbc@nytimes.com,abcd
kpazbd@tamu.edu,abcd
kovershottbe@scribd.com,abcd
omachinbf@cbsnews.com,abcd
ckrolbg@webs.com,abcd
abasdenbh@networksolutions.com,abcd
ovirrbi@dion.ne.jp,abcd
mcannopbj@hatena.ne.jp,abcd
fpadrickbk@psu.edu,abcd
trosellibl@japanpost.jp,abcd
bwealebm@360.cn,abcd
yallambn@state.gov,abcd
eyanelebo@simplemachines.org,abcd
bcurnuckebp@aol.com,abcd
emellmothbq@w3.org,abcd
hbultitudebr@wordpress.com,abcd
sharremabs@t.co,abcd
esapsfordbt@ted.com,abcd
cdwellybu@usatoday.com,abcd
bbawcockbv@cmu.edu,abcd
shiddsleybw@123-reg.co.uk,abcd
jfarquarsonbx@phoca.cz,abcd
cmallyaby@oaic.gov.au,abcd
pelnaughbz@globo.com,abcd
nmckerrowc0@amazon.co.uk,abcd
ascholerc1@t-online.de,abcd
mmorinc2@pcworld.com,abcd
tpittc3@quantcast.com,abcd
bjirekc4@nyu.edu,abcd
abrandenburgc5@bbc.co.uk,abcd
hesmondc6@tripod.com,abcd
fhamsharc7@dailymail.co.uk,abcd
dolivetc8@google.ca,abcd
bwandc9@ask.com,abcd
dgronoweca@weibo.com,abcd
lgamblecb@omniture.com,abcd
oshortoncc@nasa.gov,abcd
gstelfaxcd@slashdot.org,abcd
abignalce@mac.com,abcd
dreadmirecf@ftc.gov,abcd
asmeescg@house.gov,abcd
nmerfinch@whitehouse.gov,abcd
bgroseci@51.la,abcd
tshrimptoncj@google.cn,abcd
vchetwindck@booking.com,abcd
mtatlowcl@ustream.tv,abcd
spocklingtoncm@berkeley.edu,abcd
mcreaneycn@illinois.edu,abcd
rpoulsumco@rambler.ru,abcd
ahazeldencp@prlog.org,abcd
bhallworthcq@spotify.com,abcd
nmoiseycr@nature.com,abcd
mdoncomcs@ning.com,abcd
amccambridgect@marketwatch.com,abcd
mceasercu@facebook.com,abcd
icandycv@google.cn,abcd
gbriddlecw@a8.net,abcd
acraycx@artisteer.com,abcd
iorletoncy@buzzfeed.com,abcd
bmackneiscz@tripod.com,abcd
clongdend0@tumblr.com,abcd
eluquetd1@prweb.com,abcd
alickessd2@sbwire.com,abcd
aprovostd3@shinystat.com,abcd
yivanishevd4@simplemachines.org,abcd
sgehricked5@nih.gov,abcd
yriggolld6@rambler.ru,abcd
jnorthwoodd7@nhs.uk,abcd
fmacdirmidd8@smh.com.au,abcd
lbedissd9@ebay.com,abcd
cdreesda@is.gd,abcd
fgumleydb@rakuten.co.jp,abcd
fhorsburghdc@toplist.cz,abcd
csmurfittdd@yellowbook.com,abcd
jwhisbyde@go.com,abcd
gnareydf@berkeley.edu,abcd
nbourgaizedg@uol.com.br,abcd
mscoullerdh@studiopress.com,abcd
sberensdi@eventbrite.com,abcd
htollemachedj@theguardian.com,abcd
vfrankeldk@hao123.com,abcd
kelijahdl@blog.com,abcd
cprimakdm@github.com,abcd
tmarkwelleydn@example.com,abcd
nbraidleydo@addtoany.com,abcd
osimeondp@craigslist.org,abcd
ddewettdq@constantcontact.com,abcd
cmowerdr@godaddy.com,abcd
mpreshods@over-blog.com,abcd
karrowsmithdt@state.tx.us,abcd
djarreltdu@tripadvisor.com,abcd
mwilcoxdv@artisteer.com,abcd
ksowtendw@hostgator.com,abcd
cseivertsendx@addtoany.com,abcd
fwittendy@free.fr,abcd
ngalegodz@newsvine.com,abcd
gfrangionee0@sciencedaily.com,abcd
vhammeriche1@latimes.com,abcd
bpautarde2@liveinternet.ru,abcd
bverbeeke3@lulu.com,abcd
ikeelye4@uol.com.br,abcd
kbaree5@state.gov,abcd
eschurige6@phpbb.com,abcd
cwakefielde7@redcross.org,abcd
akeeche8@netvibes.com,abcd
gablesone9@elegantthemes.com,abcd
blovegroveea@wired.com,abcd
cschurigeb@gnu.org,abcd
akeartonec@slideshare.net,abcd
bmcelhinneyed@imgur.com,abcd
dsircombee@blog.com,abcd
asutteref@ucsd.edu,abcd
dwalkleyeg@techcrunch.com,abcd
sstembridgeeh@unesco.org,abcd
msonesei@mozilla.com,abcd
focullinaneej@washington.edu,abcd
kpaulsonek@nih.gov,abcd
awulfingerel@addthis.com,abcd
nflobertem@dyndns.org,abcd
kscramageen@surveymonkey.com,abcd
hvlacheo@webmd.com,abcd
kruppelinep@cdbaby.com,abcd
fmcsheeeq@economist.com,abcd
vbrighteyer@shinystat.com,abcd
tamoorees@tripadvisor.com,abcd
adingsdaleet@uiuc.edu,abcd
abrolaneu@microsoft.com,abcd
srentzev@tripadvisor.com,abcd
nmcmenamieew@newsvine.com,abcd
demblemex@mashable.com,abcd
mfilipchikovey@dagondesign.com,abcd
pgiacomiez@netlog.com,abcd
jdoreyf0@goo.gl,abcd
nedgarf1@fotki.com,abcd
sgodsellf2@domainmarket.com,abcd
rvallentinf3@ebay.com,abcd
mdivillf4@netvibes.com,abcd
jbrunelf5@accuweather.com,abcd
fsketf6@angelfire.com,abcd
jbotfieldf7@biblegateway.com,abcd
srispenf8@feedburner.com,abcd
lkingstnef9@chron.com,abcd
vdemangefa@furl.net,abcd
lpetrikfb@aol.com,abcd
gharbinsonfc@mit.edu,abcd
hcockrillfd@telegraph.co.uk,abcd
amuddfe@si.edu,abcd
icornickff@unicef.org,abcd
cgarsidefg@independent.co.uk,abcd
kisleyfh@bloglines.com,abcd
gnorthleyfi@networksolutions.com,abcd
chonischfj@macromedia.com,abcd
abowhayfk@jigsy.com,abcd
vellikerfl@omniture.com,abcd
fbartlemanfm@quantcast.com,abcd
mgotmannfn@auda.org.au,abcd
ttappinfo@google.es,abcd
nnegalfp@ezinearticles.com,abcd
chatwellfq@buzzfeed.com,abcd
lduredenfr@google.nl,abcd
gsiehardfs@livejournal.com,abcd
rforoft@pagesperso-orange.fr,abcd
ntomblesonfu@dropbox.com,abcd
rhoulworthfv@ucoz.ru,abcd
cwatsonbrownfw@livejournal.com,abcd
trolyfx@tripadvisor.com,abcd
cbelwardfy@slate.com,abcd
tbradshawfz@uiuc.edu,abcd
wjakawayg0@diigo.com,abcd
leverg1@wikia.com,abcd
dgovinlockg2@etsy.com,abcd
dridewoodg3@craigslist.org,abcd
mrestallg4@exblog.jp,abcd
aafieldg5@hexun.com,abcd
sbeebeg6@dion.ne.jp,abcd
sgirking7@thetimes.co.uk,abcd
dnewdickg8@skyrock.com,abcd
ngodfreeg9@wisc.edu,abcd
rivanetsga@w3.org,abcd
lpawellekgb@earthlink.net,abcd
ssloleygc@shinystat.com,abcd
ftremberthgd@trellian.com,abcd
bpoplandge@jiathis.com,abcd
fsleightholmgf@webnode.com,abcd
wboristongg@example.com,abcd
ctreendgh@google.fr,abcd
bduffittgi@wp.com,abcd
ndearlovegj@bravesites.com,abcd
dondrousekgk@google.com.hk,abcd
lindgl@independent.co.uk,abcd
hroulliergm@hud.gov,abcd
mlatliffgn@nba.com,abcd
osheavillsgo@4shared.com,abcd
gpudnergp@unc.edu,abcd
zmottgq@purevolume.com,abcd
rcleevergr@google.com.au,abcd
gsnelmangs@theatlantic.com,abcd
kdevinegt@gmpg.org,abcd
treacegu@youku.com,abcd
gduddinggv@dedecms.com,abcd
ajaggigw@sphinn.com,abcd
jbrabbangx@theatlantic.com,abcd
dtidcombegy@multiply.com,abcd
ctretheweygz@usgs.gov,abcd
khuffyh0@un.org,abcd
apaoloh1@discovery.com,abcd
mfranklingh2@amazon.com,abcd
nstreetfieldh3@washingtonpost.com,abcd
jmacnalleyh4@nbcnews.com,abcd
okernaghanh5@jalbum.net,abcd
tlanglandh6@php.net,abcd
gluqueth7@wordpress.com,abcd
rradfordh8@psu.edu,abcd
rroxburchh9@homestead.com,abcd
gportalha@freewebs.com,abcd
gbrunickehb@fda.gov,abcd
fperkishc@cpanel.net,abcd
wrounsivallhd@geocities.jp,abcd
nlambrechtshe@istockphoto.com,abcd
asidlehf@npr.org,abcd
atremmelhg@arizona.edu,abcd
gharlowhh@newsvine.com,abcd
jgoodbarhi@posterous.com,abcd
eingreyhj@wordpress.org,abcd
jspellardhk@scribd.com,abcd
zsandesonhl@craigslist.org,abcd
ndanickhm@twitter.com,abcd
mbiskupekhn@salon.com,abcd
atowerseyho@arizona.edu,abcd
dcoarserhp@google.de,abcd
ajansemahq@tinyurl.com,abcd
fmounthr@ovh.net,abcd
ccashenhs@mayoclinic.com,abcd
bcordeuxht@desdev.cn,abcd
alapwoodhu@ucoz.ru,abcd
tspringetthv@ehow.com,abcd
rhallbirdhw@dagondesign.com,abcd
melwillhx@loc.gov,abcd
gwoodvinehy@about.com,abcd
hsutherleyhz@reddit.com,abcd
cdainteri0@guardian.co.uk,abcd
pperrymani1@yale.edu,abcd
rhabishawi2@ed.gov,abcd
zciobutaroi3@bing.com,abcd
nandrieuxi4@goo.ne.jp,abcd
yklaaaseni5@telegraph.co.uk,abcd
vchurchilli6@hhs.gov,abcd
nlittefairi7@github.com,abcd
cjesseli8@huffingtonpost.com,abcd
ehowfordi9@accuweather.com,abcd
imeakingia@wisc.edu,abcd
wrestallib@infoseek.co.jp,abcd
okitchineric@elegantthemes.com,abcd
mmitchenerid@army.mil,abcd
areignoldsie@pbs.org,abcd
nbuistif@1688.com,abcd
cwolfeig@bizjournals.com,abcd
sstoteih@elpais.com,abcd
sjakovii@pcworld.com,abcd
cdehmij@chicagotribune.com,abcd
gmuinoik@google.co.jp,abcd
saumerleil@mlb.com,abcd
rfergusonim@nsw.gov.au,abcd
dascoughin@taobao.com,abcd
kcrossdaleio@wired.com,abcd
jarndtsenip@google.com,abcd
rpawlaczykiq@google.cn,abcd
saylottir@topsy.com,abcd
nswindallis@nymag.com,abcd
aburleyit@woothemes.com,abcd
hportisiu@va.gov,abcd
vjaffraiv@dion.ne.jp,abcd
msilcocksiw@ovh.net,abcd
ipoppingix@friendfeed.com,abcd
tgildeaiy@yelp.com,abcd
everilloiz@time.com,abcd
wvarfolomeevj0@w3.org,abcd
bhowelsj1@phpbb.com,abcd
twelshj2@gizmodo.com,abcd
kmcgarriej3@mashable.com,abcd
btatlowej4@free.fr,abcd
qgiacopeloj5@slate.com,abcd
nfineyj6@tmall.com,abcd
bmcallanj7@washington.edu,abcd
pmacalroyj8@symantec.com,abcd
jdoylej9@exblog.jp,abcd
bhundallja@huffingtonpost.com,abcd
tfarbrotherjb@ow.ly,abcd
smacsharryjc@creativecommons.org,abcd
mcassiejd@mail.ru,abcd
hbangerje@whitehouse.gov,abcd
edarguejf@ifeng.com,abcd
rpippinjg@netscape.com,abcd
gworsleyjh@si.edu,abcd
wseczykji@51.la,abcd
gpatrichejj@ihg.com,abcd
cbeardmorejk@pcworld.com,abcd
bsurplicejl@lycos.com,abcd
mdukesburyjm@constantcontact.com,abcd
cdowdenjn@springer.com,abcd
ptedmanjo@ft.com,abcd
spayjp@is.gd,abcd
jsingsjq@imgur.com,abcd
lshermarjr@wiley.com,abcd
mvassanojs@unesco.org,abcd
lgrabbjt@shutterfly.com,abcd
ceyerju@moonfruit.com,abcd
korwelljv@joomla.org,abcd
wdodshonjw@seesaa.net,abcd
ewellmanjx@topsy.com,abcd
mmacbeanjy@exblog.jp,abcd
thoulahanjz@webeden.co.uk,abcd
jconaboyk0@slate.com,abcd
glarkink1@bravesites.com,abcd
aobornek2@symantec.com,abcd
bkingswoldk3@oakley.com,abcd
gpaliserk4@webs.com,abcd
rmarquesek5@artisteer.com,abcd
mhollibonek6@businessweek.com,abcd
wiacobassik7@bloglovin.com,abcd
bbelchampk8@jiathis.com,abcd
fjendrassikk9@seesaa.net,abcd
fpendleberyka@nationalgeographic.com,abcd
ppillingerkb@msn.com,abcd
eshallowkc@purevolume.com,abcd
oklimeskd@telegraph.co.uk,abcd
mdriffieldke@boston.com,abcd
nodbykf@shareasale.com,abcd
wguppykg@npr.org,abcd
hdessentkh@vk.com,abcd
rriddingki@japanpost.jp,abcd
scockmankj@dell.com,abcd
dbowndkk@seesaa.net,abcd
apallesenkl@jimdo.com,abcd
cmcmeartykm@over-blog.com,abcd
cellitkn@blogspot.com,abcd
dcracoeko@arizona.edu,abcd
ndeathridgekp@forbes.com,abcd
tcreginkq@youtube.com,abcd
kmckernkr@howstuffworks.com,abcd
tambrosiniks@artisteer.com,abcd
hbeekekt@gov.uk,abcd
segintonku@dagondesign.com,abcd
arobloukv@harvard.edu,abcd
apigotkw@qq.com,abcd
aghestkx@amazonaws.com,abcd
ksidebothamky@ow.ly,abcd
dmoodykz@fda.gov,abcd
cgoslinl0@wordpress.com,abcd
wvassmanl1@1688.com,abcd
mbriscowl2@usa.gov,abcd
lboickl3@qq.com,abcd
cranklinl4@indiegogo.com,abcd
bknutsenl5@vistaprint.com,abcd
cbarzl6@behance.net,abcd
hsurcombl7@barnesandnoble.com,abcd
pallgoodl8@pinterest.com,abcd
lhanfordl9@vistaprint.com,abcd
egoggeyla@indiegogo.com,abcd
gwhitelandlb@aol.com,abcd
tstreatlc@imgur.com,abcd
hvanthoffld@nyu.edu,abcd
ajoerningle@issuu.com,abcd
arampleylf@slideshare.net,abcd
jtreasadenlg@npr.org,abcd
sdarringtonlh@engadget.com,abcd
eferieli@upenn.edu,abcd
asieghartlj@un.org,abcd
gbonafacinolk@godaddy.com,abcd
pgolleyll@wufoo.com,abcd
lwyllcocklm@bloglovin.com,abcd
cwoodfieldln@sciencedirect.com,abcd
vdiggenslo@forbes.com,abcd
obonellielp@hatena.ne.jp,abcd
gpashbylq@seattletimes.com,abcd
ljovanoviclr@theatlantic.com,abcd
mpalumbols@wix.com,abcd
dgolbylt@mashable.com,abcd
bspurgeonlu@oracle.com,abcd
mmansellv@sogou.com,abcd
jpatronilw@usa.gov,abcd
syakubowiczlx@purevolume.com,abcd
dvansonly@rambler.ru,abcd
dweisslz@miibeian.gov.cn,abcd
mgillumm0@yandex.ru,abcd
jcallowm1@census.gov,abcd
crennebeckm2@tmall.com,abcd
apanyerm3@fc2.com,abcd
ateresem4@imgur.com,abcd
bstoddardm5@google.com.hk,abcd
efairhallm6@businessinsider.com,abcd
tbohdenm7@sun.com,abcd
hantoniazzim8@nymag.com,abcd
gsnoxallm9@gov.uk,abcd
thurrellma@cdc.gov,abcd
vmynettmb@zimbio.com,abcd
whinnerkmc@dailymail.co.uk,abcd
olundonmd@amazonaws.com,abcd
himlochme@irs.gov,abcd
llongmf@wikipedia.org,abcd
mbittanymg@ca.gov,abcd
mdrakesmh@chronoengine.com,abcd
ashotboultmi@unc.edu,abcd
hscandwrightmj@marriott.com,abcd
kspinkemk@dailymail.co.uk,abcd
gstortonml@feedburner.com,abcd
biacomomm@goo.ne.jp,abcd
ksyddonmn@usgs.gov,abcd
nwitherdonmo@addthis.com,abcd
ppeidromp@senate.gov,abcd
dcollingemq@surveymonkey.com,abcd
cgilbeemr@weather.com,abcd
bparhamms@altervista.org,abcd
dzellnermt@people.com.cn,abcd
vabellamu@t-online.de,abcd
kplessingmv@guardian.co.uk,abcd
eruskemw@devhub.com,abcd
lbriancemx@dagondesign.com,abcd
rcrebomy@cdbaby.com,abcd
mtootellmz@purevolume.com,abcd
ralbrechtn0@netvibes.com,abcd
vbithanyn1@ycombinator.com,abcd
mpostgaten2@e-recht24.de,abcd
awookeyn3@soundcloud.com,abcd
shalpenn4@myspace.com,abcd
sanfusson5@jiathis.com,abcd
hgrowdenn6@drupal.org,abcd
aobroganen7@marketwatch.com,abcd
rnoddingsn8@princeton.edu,abcd
mthirlawayn9@harvard.edu,abcd
slozanona@mtv.com,abcd
mkinzenb@china.com.cn,abcd
gtowsenc@wp.com,abcd
mtraslernd@blog.com,abcd
ekolczynskine@bravesites.com,abcd
nraffertynf@ox.ac.uk,abcd
rfritzng@nymag.com,abcd
glindenboimnh@addthis.com,abcd
ggristockni@g.co,abcd
nklaffnj@nature.com,abcd
mlawlessnk@earthlink.net,abcd
aelvidgenl@utexas.edu,abcd
hshimmingsnm@jalbum.net,abcd
ghastewellnn@php.net,abcd
rgrasnerno@multiply.com,abcd
ahellsdonnp@sakura.ne.jp,abcd
eiacobettonq@chron.com,abcd
gbeuschernr@printfriendly.com,abcd
cbernathns@php.net,abcd
djagglint@nytimes.com,abcd
wkettlestringenu@blogtalkradio.com,abcd
wspavinsnv@unc.edu,abcd
kbanthorpenw@globo.com,abcd
eboisenx@ihg.com,abcd
sfindlaterny@fema.gov,abcd
dhawkshawnz@ucsd.edu,abcd
fblacketto0@taobao.com,abcd
ttournero1@hao123.com,abcd
jfrankcomo2@xrea.com,abcd
chaggardo3@cornell.edu,abcd
prickesieso4@go.com,abcd
araynhamo5@digg.com,abcd
bmccourtieo6@webeden.co.uk,abcd
ltotto7@youtu.be,abcd
kornizo8@hugedomains.com,abcd
geckfordo9@mail.ru,abcd
eeptonoa@unc.edu,abcd
lorhrtob@themeforest.net,abcd
apriestlandoc@mac.com,abcd
aholthamod@woothemes.com,abcd
jjentetoe@list-manage.com,abcd
bfewellof@jimdo.com,abcd
cnoadsog@123-reg.co.uk,abcd
edruceoh@quantcast.com,abcd
granneroi@samsung.com,abcd
pburhouseoj@java.com,abcd
acoathok@geocities.com,abcd
jmilburnol@blog.com,abcd
stomickiom@furl.net,abcd
ssaullon@oakley.com,abcd
ddalmonoo@aboutads.info,abcd
mgoodop@bing.com,abcd
mjaquinoq@hexun.com,abcd
phammentsor@comcast.net,abcd
jdrewettos@reverbnation.com,abcd
nfrenzelot@skype.com,abcd
iarnholdtou@whitehouse.gov,abcd
aarchibaldov@topsy.com,abcd
cthomlinsonow@t.co,abcd
rfairtloughox@quantcast.com,abcd
lpollokoy@hubpages.com,abcd
lwaycottoz@scribd.com,abcd
pdeschellep0@baidu.com,abcd
fnortcliffep1@archive.org,abcd
bhamptonp2@marketwatch.com,abcd
wwilgarp3@friendfeed.com,abcd
lmatessianp4@cnet.com,abcd
cwillimottp5@mapy.cz,abcd
fgeachp6@nsw.gov.au,abcd
sshailerp7@sohu.com,abcd
fsehorschp8@smh.com.au,abcd
mdavauxp9@wsj.com,abcd
tkivlinpa@walmart.com,abcd
sszymonipb@altervista.org,abcd
lrubinowiczpc@abc.net.au,abcd
cscoonpd@liveinternet.ru,abcd
vmccaughenpe@miitbeian.gov.cn,abcd
jjacobspf@boston.com,abcd
bgoodsalpg@free.fr,abcd
neadonph@statcounter.com,abcd
pgovettpi@opera.com,abcd
vlongstaffpj@scientificamerican.com,abcd
ckoppespk@alexa.com,abcd
lbodepl@list-manage.com,abcd
hromagnosipm@ow.ly,abcd
avinepn@instagram.com,abcd
bgeroldopo@irs.gov,abcd
mmarkwelleypp@netscape.com,abcd
dhagleypq@ibm.com,abcd
bmoreinupr@de.vu,abcd
rlindblomps@chronoengine.com,abcd
ewhifenpt@google.com.br,abcd
mleerpu@imgur.com,abcd
gbuncompv@google.fr,abcd
buzzellpw@163.com,abcd
bmelanpx@craigslist.org,abcd
hmoriganpy@umn.edu,abcd
rmcanalleypz@tinyurl.com,abcd
mhutableq0@cbslocal.com,abcd
lzannuttiq1@dot.gov,abcd
alambregtsq2@hugedomains.com,abcd
lsagerq3@alibaba.com,abcd
dabrahmoviciq4@alexa.com,abcd
psommerscalesq5@mozilla.org,abcd
vclaussonq6@chicagotribune.com,abcd
gdaftq7@dyndns.org,abcd
slucienq8@cafepress.com,abcd
ecumingq9@comcast.net,abcd
aleybandqa@wufoo.com,abcd
saickinqb@cnn.com,abcd
vbellochqc@w3.org,abcd
kplattsqd@parallels.com,abcd
bgoldsterqe@posterous.com,abcd
vlowtonqf@nyu.edu,abcd
egascarqg@hp.com,abcd
amartinyukqh@nyu.edu,abcd
lebbuttqi@webs.com,abcd
bgrimwadeqj@uiuc.edu,abcd
bdartqk@bandcamp.com,abcd
mhandasydeql@mapy.cz,abcd
ecountqm@shop-pro.jp,abcd
gquareqn@edublogs.org,abcd
jlowmanqo@bloglines.com,abcd
jbetchleyqp@ucla.edu,abcd
arudsdaleqq@yelp.com,abcd
abawcockqr@mapy.cz,abcd
dmcindrewqs@globo.com,abcd
cvasyukovqt@bing.com,abcd
gjeannardqu@shinystat.com,abcd
bszanthoqv@theguardian.com,abcd
gleacockqw@bloglines.com,abcd
bcalveyqx@shareasale.com,abcd
gfishqy@eepurl.com,abcd
nhaggathqz@tamu.edu,abcd
cgotcliffer0@fotki.com,abcd
rgenicker1@imageshack.us,abcd
syurevichr2@last.fm,abcd
rheaterr3@wsj.com,abcd
dcolegrover4@cloudflare.com,abcd
ltowser5@php.net,abcd
agotterr6@domainmarket.com,abcd
bsarjeantr7@ebay.co.uk,abcd
taudreyr8@devhub.com,abcd
mfaiersr9@so-net.ne.jp,abcd
ktalletra@angelfire.com,abcd
crudsdalerb@dell.com,abcd
kmonroerc@telegraph.co.uk,abcd
fbrumhamrd@java.com,abcd
nfalshawre@scribd.com,abcd
agruszczakrf@nih.gov,abcd
alemonnierrg@jimdo.com,abcd
gemerrh@cpanel.net,abcd
pdunkerleyri@dell.com,abcd
tglynrj@elpais.com,abcd
kboseleyrk@topsy.com,abcd
bedmeadsrl@ox.ac.uk,abcd
bculpinrm@xing.com,abcd
cgristockrn@furl.net,abcd
elandersro@earthlink.net,abcd
mstellrp@geocities.jp,abcd
stollidayrq@dailymail.co.uk,abcd
sblaylockrr@twitter.com,abcd
