first_name,last_name,email,company_name
Gwenny,Gabbotts,ggabbotts0@nba.com,Dabtype
Carolann,Gumary,cgumary1@is.gd,Vinte
Tome,Wybrow,twybrow2@latimes.com,Vipe
Padraig,Herreran,pherreran3@g.co,Youfeed
Cindy,Bartelli,,Topicblab
Rawley,Witsey,rwitsey5@utexas.edu,
Dulcinea,Shakshaft,dshakshaft6@odnoklassniki.ru,Topiczoom
Arty,Brookesbie,abrookesbie7@mozilla.org,Fivechat
Patten,Jatczak,pjatczak8@ucoz.com,Meetz
Barbie,Ezzell,bezzell9@craigslist.org,Muxo
Ashly,Heimann,aheimanna@npr.org,
Allin,Robyns,arobynsb@ameblo.jp,Vitz
Frederick,Dehmel,fdehmelc@sbwire.com,Topicstorm
Magdaia,Normandale,mnormandaled@clickbank.net,Tagfeed
Saidee,Keford,skeforde@blogs.com,Mynte
Lon,Filippozzi,lfilippozzif@imdb.com,
Percival,MacGee,pmacgeeg@google.co.jp,Twitterworks
Casey,Orr,corrh@ebay.com,Skyvu
Rora,Mayhew,rmayhewi@etsy.com,Thoughtstorm
Kimbell,Clemenson,kclemensonj@miitbeian.gov.cn,Shuffletag
Marlowe,Teal,mtealk@narod.ru,Innojam
Marcia,Siss,msissl@howstuffworks.com,
Antin,Fanthome,afanthomem@freewebs.com,Avamm
Ashly,Heimann,aheimanna@npr.org,
Milty,Moylan,mmoylann@elegantthemes.com,Quimba
Chariot,Champneys,cchampneyso@ezinearticles.com,Voomm
Thedric,Rosborough,trosboroughp@bravesites.com,Tagfeed
Ancell,Skacel,askacelq@reuters.com,Ailane
Agretha,Towse,atowser@unc.edu,Katz
Manny,Kline,mklines@narod.ru,Browsedrive
Rorie,Anetts,ranettst@symantec.com,Agimba
Silvan,Skittrall,sskittrallu@bloomberg.com,Twitterworks
Aleta,Barthorpe,abarthorpev@cbslocal.com,Jaxworks
Minda,Drewes,,Youtags
Elmore,Sawday,esawdayx@t.co,Innotype
Alfonso,Dunaway,adunawayy@surveymonkey.com,Jayo
Northrup,Allcoat,nallcoatz@businessinsider.com,Youtags
Cordy,Farnorth,cfarnorth10@wikispaces.com,Yozio
Halley,Ambresin,hambresin11@google.pl,Tagtune
Loren,Hillam,lhillam12@goo.gl,Trilith
Minda,Scholte,mscholte13@springer.com,Feedspan
Clo,Shimwell,,Jaxworks
Ashly,Heimann,aheimanna@npr.org,
Boonie,Deverson,bdeverson15@mozilla.org,Photobean
Belva,Advani,badvani16@bravesites.com,Skimia
Paco,Letten,pletten17@free.fr,Tazz
Niles,Paridge,nparidge18@shareasale.com,Skyble
Zabrina,Redley,zredley19@about.me,Skippad
Hesther,Martinetto,hmartinetto1a@weibo.com,Yozio
Elsey,Coppock.,ecoppock1b@tinypic.com,Edgepulse
Gonzalo,Fundell,gfundell1c@seesaa.net,Buzzshare
Kizzee,Gaspero,kgaspero1d@cocolog-nifty.com,Oyoba
Glenden,Troughton,gtroughton1e@ibm.com,Thoughtstorm
Geoffry,Gatward,ggatward1f@ifeng.com,Zoonoodle
Cariotta,Boldero,cboldero1g@woothemes.com,Yakidoo
Janice,Kneebone,jkneebone1h@liveinternet.ru,Thoughtsphere
Carmelita,Ilson,cilson1i@wikispaces.com,
Turner,Brunskill,tbrunskill1j@jimdo.com,Jetpulse
Lynde,McNally,lmcnally1k@vk.com,Rhyzio
Dottie,Currey,dcurrey1l@google.es,Zoomcast
Alain,Garroch,agarroch1m@hexun.com,Plambee
Pyotr,Smedmoor,psmedmoor1n@marketwatch.com,Browsedrive
Gilemette,Safhill,gsafhill1o@china.com.cn,Babbleset
Brennan,Pichmann,bpichmann1p@google.es,Talane
Domenic,Britian,dbritian1q@chron.com,Zoombox
Casandra,Overpool,coverpool1r@exblog.jp,Skivee
Sol,Thairs,,Photobean
Alisa,Shippard,,Quire
Rudy,Larrat,rlarrat1u@ustream.tv,Trilith
Anett,Disbrow,adisbrow1v@shinystat.com,Dynazzy
Domenic,Britian,dbritian1q@chron.com,Zoombox
Kenton,Coley,kcoley1w@abc.net.au,
Berni,Dockerty,bdockerty1x@wisc.edu,Zooxo
Terry,Inchley,tinchley1y@biglobe.ne.jp,Jaloo
Fabiano,Elsmore,felsmore1z@marriott.com,Chatterpoint
Friedrick,Wykey,fwykey20@a8.net,Thoughtstorm
Aprilette,Foote,afoote21@goodreads.com,Jaxspan
Thibaud,Chilver,tchilver22@digg.com,Jabbercube
Maximilian,Hagerty,mhagerty23@zdnet.com,Skynoodle
Alice,Chartre,achartre24@ustream.tv,
Kevin,Craigg,kcraigg25@ow.ly,Pixope
Eva,Mosedill,emosedill26@digg.com,Divape
Gabby,Holdin,gholdin27@e-recht24.de,Skilith
Hedi,Goakes,hgoakes28@tumblr.com,Zoomlounge
Erena,Chiddy,echiddy29@bigcartel.com,Cogilith
Aeriel,Burleigh,aburleigh2a@youtube.com,Jabbertype
Aurlie,Neale,aneale2b@home.pl,Youbridge
Domenic,Britian,dbritian1q@chron.com,Zoombox
Vaughn,Hamprecht,vhamprecht2c@unesco.org,Mita
Ophelia,Flannery,oflannery2d@usda.gov,Zoomzone
Myranda,Thurling,mthurling2e@craigslist.org,Yodoo
Vite,Pickard,vpickard2f@vistaprint.com,Zava
Kristopher,Rawsthorne,krawsthorne2g@theguardian.com,Tagcat
Kamilah,Cawood,kcawood2h@craigslist.org,Yakidoo
Bax,Metheringham,bmetheringham2i@godaddy.com,Meemm
Caressa,Wallice,cwallice2j@youtu.be,Topiczoom
Rodd,Trenchard,rtrenchard2k@gmpg.org,Yakijo
Clemmie,Scotchmor,cscotchmor2l@sina.com.cn,Demimbu
Tierney,Gehrels,tgehrels2m@forbes.com,Jabberbean
Tera,Spinney,tspinney2n@nyu.edu,Rhyzio
Erinna,Frood,efrood2o@berkeley.edu,Vidoo
Manon,Pinnere,mpinnere2p@google.pl,Thoughtmix
Dulsea,Oxherd,doxherd2q@scientificamerican.com,Npath
Britney,Linster,blinster2r@ask.com,Lazzy
Ravi,Foard,rfoard2s@sohu.com,
Kelci,Bofield,kbofield2t@istockphoto.com,Tagcat
Kerrie,Sheffield,ksheffield2u@bloglines.com,Devpulse
Tabor,Goodenough,,Brainbox
Skipper,Pedrozzi,spedrozzi2w@csmonitor.com,
Whitney,Moran,wmoran2x@uiuc.edu,Skipfire
Rudy,Beckinsall,rbeckinsall2y@indiatimes.com,Abatz
Rodolphe,Renner,rrenner2z@quantcast.com,Trudeo
Pooh,Bester,pbester30@miibeian.gov.cn,Mycat
Benedick,Imlen,bimlen31@independent.co.uk,Quinu
Manon,Pinnere,mpinnere2p@google.pl,Thoughtmix
Trudy,Lyddon,tlyddon32@amazon.co.jp,Cogidoo
Betsey,Kearney,bkearney33@squarespace.com,
Giuditta,Batcock,gbatcock34@pbs.org,
Nanon,Norwood,,Yozio
Rodrigo,Fowlie,,Shufflebeat
Schuyler,Denge,sdenge37@deviantart.com,Voomm
Evanne,Braddon,ebraddon38@independent.co.uk,Photospace
Felic,Coultous,fcoultous39@123-reg.co.uk,Jabbercube
Theodore,Crossby,tcrossby3a@ucoz.ru,Bubblemix
Dore,Dobrowolski,ddobrowolski3b@stumbleupon.com,Devify
Myrlene,Springall,mspringall3c@bizjournals.com,Tagcat
Loree,Atter,latter3d@studiopress.com,Twitterworks
Thoma,Gopsall,tgopsall3e@hao123.com,Tagopia
Hanny,Millen,hmillen3f@ebay.com,Voonte
Garrard,Blague,gblague3g@topsy.com,Zoozzy
Riva,Gunton,rgunton3h@mysql.com,Gabvine
Farand,Kiss,,
Oran,Abramowsky,oabramowsky3j@symantec.com,Jaxbean
Ailyn,Doucette,adoucette3k@webmd.com,Flashpoint
Dorian,Burdekin,,Eayo
Ber,Decroix,bdecroix3m@smugmug.com,
Mallorie,Sandercroft,msandercroft3n@yelp.com,Oyoyo
Rik,Costar,rcostar3o@ibm.com,
Dru,Hogben,dhogben3p@imgur.com,Realfire
Marchall,Connah,mconnah3q@upenn.edu,Youspan
Daniela,Woodburne,dwoodburne3r@plala.or.jp,Gabspot
Fabian,Whitecross,fwhitecross3s@nifty.com,Yata
Bianca,Witherop,bwitherop3t@paypal.com,Eadel
Troy,Finkle,tfinkle3u@icq.com,Skinder
Damara,Bools,dbools3v@hostgator.com,Vipe
Richie,Rendle,rrendle3w@51.la,Plajo
Cari,Chatel,cchatel3x@hc360.com,Zoomdog
Franklin,Stuckford,,Twimbo
Lissie,Castlake,lcastlake3z@google.fr,Rhybox
Glenna,Worham,gworham40@reference.com,
Kym,Kiraly,kkiraly41@typepad.com,
Trace,Berrecloth,tberrecloth42@rambler.ru,Katz
Carlota,Waitland,cwaitland43@stumbleupon.com,Yodel
Etta,Cahillane,ecahillane44@businessinsider.com,Twitterworks
Emmalynn,Aimson,eaimson45@paypal.com,Minyx
Trixy,Torr,ttorr46@shutterfly.com,Zava
Hamlen,Cockett,,
Miof mela,Knolles-Green,mknollesgreen48@flavors.me,Kanoodle
Delila,Sammut,dsammut49@archive.org,LiveZ
Petunia,Grancher,pgrancher4a@hibu.com,Dynabox
Keefer,Mazzia,kmazzia4b@skyrock.com,Edgeblab
Simone,Adrianello,sadrianello4c@fema.gov,Realmix
Devora,Harbour,dharbour4d@bloglovin.com,Yakidoo
Cornelius,Parton,cparton4e@skyrock.com,
Cissiee,Dunston,cdunston4f@paginegialle.it,Skyvu
Ollie,Renyard,orenyard4g@unc.edu,Ntags
Connie,Kraft,ckraft4h@people.com.cn,Edgepulse
Ellyn,Rhys,,Oyondu
Erika,Bacher,ebacher4j@privacy.gov.au,Skiptube
Rosamond,Nazareth,rnazareth4k@storify.com,
Shayne,Turmel,sturmel4l@cbsnews.com,Yamia
Ethelred,Imason,eimason4m@zimbio.com,Voonder
Cassandra,Hannum,channum4n@businessweek.com,Brightdog
Belva,Riseborough,briseborough4o@nytimes.com,Centizu
Hannie,Fury,,Babbleset
Tammy,Marsham,tmarsham4q@addtoany.com,Devbug
Marwin,Sebring,msebring4r@parallels.com,Trunyx
Thornie,Knevett,tknevett4s@sphinn.com,Centidel
Keefe,MacLise,kmaclise4t@hc360.com,Jabberstorm
Clarissa,Claiden,cclaiden4u@blinklist.com,Babblestorm
Mozes,Affleck,maffleck4v@example.com,Quire
Kerstin,Hemmingway,khemmingway4w@nationalgeographic.com,Eayo
Bren,Vernau,bvernau4x@infoseek.co.jp,Jabbersphere
Rustin,Follis,rfollis4y@example.com,Nlounge
Kamila,Dominichetti,kdominichetti4z@nytimes.com,
Lissa,Moyer,,Rhybox
Drona,Crumbie,dcrumbie51@istockphoto.com,Riffpedia
Freeman,Lydon,flydon52@noaa.gov,Dabshots
Keri,Purslow,,Babblestorm
Morry,Shillabear,mshillabear54@google.it,Zoomdog
Analiese,Boas,aboas55@cnn.com,Avavee
Dorolisa,Pankethman,dpankethman56@topsy.com,Jayo
Cathryn,McCusker,cmccusker57@virginia.edu,Skimia
Neda,Josephsen,njosephsen58@ibm.com,Centimia
Kristofer,Rand,krand59@behance.net,Nlounge
Jonas,Swancock,jswancock5a@dot.gov,Dynazzy
Celestyn,Tritten,ctritten5b@mapy.cz,Midel
Sherwood,Dykins,sdykins5c@pbs.org,Skinte
Timoteo,Dodsley,tdodsley5d@cbc.ca,Nlounge
Yankee,Sedwick,ysedwick5e@wp.com,Shuffledrive
Selie,Robel,srobel5f@weather.com,Browsebug
Hercule,Seeler,hseeler5g@g.co,Quimba
Etta,Cahillane,ecahillane44@businessinsider.com,Twitterworks
Jeromy,Epsley,jepsley5h@sourceforge.net,Einti
Linette,Kulvear,lkulvear5i@tumblr.com,Leenti
Dasha,MacMoyer,dmacmoyer5j@bbc.co.uk,Skinix
Denny,Royall,droyall5k@indiatimes.com,Trilith
Salomon,Cejka,scejka5l@youtube.com,Meeveo
Halimeda,Van Brug,hvanbrug5m@harvard.edu,Mycat
Vonnie,Parrot,vparrot5n@comsenz.com,Dynabox
Bethena,Wanden,bwanden5o@columbia.edu,Gabtune
Kasper,Blazeby,kblazeby5p@cnn.com,Feedfish
Julietta,Eisikovitsh,jeisikovitsh5q@baidu.com,Flashset
Rayshell,Wateridge,rwateridge5r@wiley.com,Zoomcast
Wallace,Appleby,wappleby5s@goo.ne.jp,Kayveo
Maurine,Newe,mnewe5t@noaa.gov,Plambee
Jody,Sloey,jsloey5u@soundcloud.com,Gabtype
Ali,Brookz,abrookz5v@vkontakte.ru,Jaxnation
Ardra,Kindley,akindley5w@narod.ru,Oba
Gertruda,Mabbot,gmabbot5x@barnesandnoble.com,Fanoodle
Lothaire,Venning,lvenning5y@uol.com.br,Yodo
Lilla,Arnaudet,larnaudet5z@comsenz.com,Edgeblab
Bryna,Anderson,banderson60@netvibes.com,Tekfly
Oran,Matyja,omatyja61@cisco.com,Yotz
Madelaine,McKern,mmckern62@squarespace.com,
Kaycee,Shenton,kshenton63@hugedomains.com,Avaveo
Dorothy,Ledstone,dledstone64@yellowpages.com,Wikizz
Ignazio,Fibbens,ifibbens65@sbwire.com,
Billy,Dinwoodie,bdinwoodie66@shutterfly.com,Pixope
Genna,Eden,geden67@home.pl,Vipe
Lexy,Rubenov,lrubenov68@nytimes.com,Mybuzz
Aggi,Trasler,atrasler69@vinaora.com,Twitterlist
Mateo,Borg,mborg6a@about.com,Katz
Lynnelle,Lymer,llymer6b@cpanel.net,Abata
Cassandry,Muffin,cmuffin6c@imageshack.us,
Alvy,Hairesnape,ahairesnape6d@un.org,Buzzdog
Bette,Seeks,bseeks6e@msn.com,Feedfish
Toddy,Rustidge,trustidge6f@ed.gov,
Renault,Proudlock,rproudlock6g@shop-pro.jp,Skyble
Alicea,Canto,acanto6h@bbb.org,Eayo
Travus,Roylance,troylance6i@purevolume.com,Jabbersphere
Stoddard,Mac Geaney,smacgeaney6j@nba.com,Wikivu
Darn,Corbie,dcorbie6k@imdb.com,Fatz
Kristopher,Blemings,kblemings6l@google.ca,
Grove,O' Donohoe,godonohoe6m@dion.ne.jp,Pixope
Heddie,Luna,hluna6n@netscape.com,Jabbersphere
Sayre,Dobrovsky,sdobrovsky6o@qq.com,Yoveo
Ulysses,Scole,uscole6p@xing.com,Edgeify
Bogey,Revens,brevens6q@rambler.ru,Leenti
Moira,Burton,mburton6r@trellian.com,Wikibox
Ines,Allain,iallain6s@facebook.com,Kamba
Innis,Mary,imary6t@miitbeian.gov.cn,Aimbu
Glennie,Burgwin,gburgwin6u@mashable.com,Camido
Jourdain,Brash,jbrash6v@vkontakte.ru,Jayo
Hillery,Divell,hdivell6w@sbwire.com,Twitterbridge
Winfred,Connechie,wconnechie6x@scribd.com,Yakidoo
Jard,Chasmar,jchasmar6y@accuweather.com,Photobean
Ashleigh,Heinsius,aheinsius6z@drupal.org,Zoomdog
Tore,Gibbons,tgibbons70@pen.io,Brainlounge
Tonnie,Booth-Jarvis,,Yodo
Lianna,Lorrain,llorrain72@washington.edu,Dynava
Dru,Doughartie,ddoughartie73@ehow.com,Agimba
Candi,Shute,cshute74@wix.com,Devbug
Melba,Howick,,
Zora,Gard,zgard76@chronoengine.com,Meetz
Cinnamon,Telling,ctelling77@chicagotribune.com,Agimba
Nikolai,Beat,nbeat78@google.ru,Eimbee
Cassey,Crampsy,ccrampsy79@miitbeian.gov.cn,Gabtype
Morten,Dowd,mdowd7a@irs.gov,
Nathalie,Dalzell,ndalzell7b@elpais.com,Dynabox
Nickie,Brammall,nbrammall7c@utexas.edu,Meedoo
Juan,Skade,jskade7d@digg.com,Bluejam
Nelson,Wooles,nwooles7e@apache.org,Yodo
Kathleen,Sidon,ksidon7f@army.mil,Realpoint
Emmye,Humphrey,ehumphrey7g@stanford.edu,Jabberstorm
Caril,Wandrey,cwandrey7h@tamu.edu,Oozz
Leigh,Millership,lmillership7i@princeton.edu,Twitterwire
Ashia,Beak,abeak7j@un.org,Skiptube
Frasco,Fromont,ffromont7k@microsoft.com,DabZ
Nehemiah,Eilhermann,neilhermann7l@webeden.co.uk,Fliptune
Robby,Dikles,rdikles7m@pagesperso-orange.fr,Babbleblab
Hartwell,Thumann,hthumann7n@reference.com,Brightdog
Evered,Strickler,estrickler7o@gnu.org,
Karlan,Fendt,kfendt7p@taobao.com,Yakidoo
Thibaud,Chiechio,tchiechio7q@imgur.com,Yozio
Marie-ann,Yorke,myorke7r@miibeian.gov.cn,Dazzlesphere
Giana,Bispham,gbispham7s@senate.gov,Edgeblab
Svend,Caraher,scaraher7t@youtube.com,Photolist
Adaline,Kilpatrick,akilpatrick7u@ebay.co.uk,Talane
Wally,Lucas,wlucas7v@cbc.ca,Aimbu
Francis,Salmons,fsalmons7w@blogger.com,Ntags
Kingston,Lichfield,klichfield7x@blogs.com,
Louise,Bennie,lbennie7y@storify.com,Edgewire
Fleurette,Astle,fastle7z@aboutads.info,Feedfish
Leland,Kaemena,lkaemena80@trellian.com,Muxo
Nev,O'Leary,noleary81@psu.edu,Kaymbo
Micky,Corser,mcorser82@nih.gov,Nlounge
Lyn,Daughton,ldaughton83@surveymonkey.com,Flipstorm
Darb,Eagleston,deagleston84@netlog.com,Dynava
Johna,Rogger,jrogger85@youtube.com,Eayo
Krispin,Besse,kbesse86@digg.com,Quatz
Giacinta,Brumble,gbrumble87@dell.com,Yamia
Shannon,Riggeard,sriggeard88@mapquest.com,Jaxworks
Durant,Mangion,dmangion89@hubpages.com,
Eugenia,Chinnock,echinnock8a@ted.com,
Kaila,Bull,kbull8b@imdb.com,Realpoint
Marla,Grushin,mgrushin8c@over-blog.com,Browsedrive
Lolly,Tzuker,ltzuker8d@xrea.com,Twiyo
Rowena,Santori,rsantori8e@mashable.com,Ntag
Petronilla,Harlick,pharlick8f@abc.net.au,Quinu
Gaynor,Whaplington,gwhaplington8g@devhub.com,
Ketti,Jakovijevic,kjakovijevic8h@paypal.com,Abatz
Terrill,Jeeks,tjeeks8i@state.gov,Blogpad
Melody,Inder,minder8j@senate.gov,Twimm
Sheeree,Ferrarotti,sferrarotti8k@sfgate.com,Skiptube
Annelise,Wims,awims8l@si.edu,Gigaclub
Charity,Knatt,,
Samuele,Pidgley,spidgley8n@upenn.edu,Rhyzio
Verina,Maron,vmaron8o@google.ca,Lazz
Kareem,Farrer,kfarrer8p@foxnews.com,Trudoo
Clevey,Gadie,cgadie8q@jalbum.net,Tambee
Rickie,Bucktharp,rbucktharp8r@list-manage.com,Trunyx
Meriel,Feldharker,mfeldharker8s@hugedomains.com,Tanoodle
Bucky,Trounce,btrounce8t@google.com,Wordpedia
Leif,Bromage,lbromage8u@buzzfeed.com,Vidoo
Karna,Fulmen,kfulmen8v@exblog.jp,Dabjam
Nikolaos,Mulhall,nmulhall8w@zimbio.com,Meembee
Avivah,Kelberman,akelberman8x@springer.com,Skaboo
Nanon,Myhill,nmyhill8y@si.edu,Oyonder
Amery,Chafer,achafer8z@usatoday.com,Tagpad
Paton,Gilpin,pgilpin90@paypal.com,Twitternation
Christiane,Packwood,cpackwood91@tinyurl.com,Latz
Clemens,Brimfield,cbrimfield92@mlb.com,
Seamus,Cuardall,scuardall93@booking.com,Jaxbean
Concettina,Woofendell,cwoofendell94@baidu.com,Oozz
Wilt,Treat,wtreat95@myspace.com,Trudeo
Mendel,Stoney,mstoney96@shinystat.com,Brainverse
Felipe,Tomaello,ftomaello97@auda.org.au,Eadel
Roselia,Mathet,,Kazu
Ric,Leasor,rleasor99@google.fr,Edgeblab
Holly,Pedler,hpedler9a@columbia.edu,Npath
Wilma,Burberry,wburberry9b@reference.com,Shuffledrive
Zitella,Gasquoine,zgasquoine9c@github.com,Zoonoodle
Ethelda,Yon,,Zoombox
Freeman,Tollit,ftollit9e@barnesandnoble.com,Mynte
Lotte,Yansons,lyansons9f@soundcloud.com,
Fanchette,Patmore,fpatmore9g@stanford.edu,Eazzy
Aylmer,Conyard,aconyard9h@vistaprint.com,Devshare
Carolann,Irnis,cirnis9i@behance.net,Meemm
Seth,O'Cannovane,socannovane9j@zimbio.com,Yozio
Daune,Draijer,ddraijer9k@list-manage.com,Realblab
Daniel,Sterman,dsterman9l@bravesites.com,Eadel
Arleta,Maddams,amaddams9m@flavors.me,Innotype
Dorelia,Collicott,dcollicott9n@wikimedia.org,Wordify
Luz,Bagnell,lbagnell9o@sina.com.cn,Ainyx
Gabbie,Crotty,gcrotty9p@usnews.com,Thoughtstorm
Morgen,Betonia,mbetonia9q@jimdo.com,
Aleece,Dove,adove9r@illinois.edu,Thoughtstorm
Diane,Duffree,dduffree9s@mediafire.com,
Terrance,Clohessy,tclohessy9t@tuttocitta.it,Youopia
Lyndel,Mishaw,lmishaw9u@globo.com,Edgeclub
Cary,Kincey,ckincey9v@paypal.com,Photolist
Manya,Petto,mpetto9w@over-blog.com,Thoughtbridge
Vivia,Brisker,vbrisker9x@ucoz.com,Skajo
Trescha,Kamien,tkamien9y@posterous.com,Devbug
Shir,Eilles,seilles9z@1688.com,Fadeo
Jarib,Mulkerrins,jmulkerrinsa0@wunderground.com,
Andy,Wasling,awaslinga1@alibaba.com,Innojam
Kanya,Miall,kmialla2@nytimes.com,Linkbuzz
Egan,Huston,ehustona3@naver.com,
Gratia,Lysons,glysonsa4@livejournal.com,Minyx
Janis,Hampshaw,jhampshawa5@soup.io,Fivespan
Whitman,Cassey,wcasseya6@comsenz.com,Divape
Bethina,Vasichev,bvasicheva7@pcworld.com,Brainverse
Antoinette,Cainey,acaineya8@google.cn,Tagchat
Josi,Boyack,jboyacka9@nps.gov,Oyope
Hernando,Bog,hbogaa@behance.net,
Herman,Brimner,hbrimnerab@seattletimes.com,Plambee
Guenevere,Whittington,gwhittingtonac@jigsy.com,Trunyx
Maximilien,Caesman,mcaesmanad@plala.or.jp,Zoovu
Henry,King,hkingae@chicagotribune.com,Skalith
Ddene,Guyver,dguyveraf@example.com,Edgepulse
Butch,Connochie,bconnochieag@japanpost.jp,Skipfire
Benson,Fried,bfriedah@etsy.com,Quinu
Allyn,Marioneau,amarioneauai@cisco.com,Voonyx
Corbett,Hazeldene,chazeldeneaj@cdbaby.com,
Taffy,Pideon,tpideonak@smh.com.au,Yotz
Jorrie,Zahor,jzahoral@sakura.ne.jp,Tazzy
Cookie,Ferminger,cfermingeram@smugmug.com,Devshare
Shurlocke,Cumesky,scumeskyan@cloudflare.com,Myworks
Conant,Pepall,cpepallao@histats.com,Skyba
Jayme,Boays,jboaysap@bloglines.com,Jabbersphere
Kariotta,Stading,kstadingaq@youtu.be,Photojam
Jolynn,Pacitti,jpacittiar@mapquest.com,
Claudina,McElroy,cmcelroyas@msu.edu,
Nikki,Losselyong,nlosselyongat@unblog.fr,Thoughtstorm
Danny,Crichton,dcrichtonau@chronoengine.com,Vipe
Iago,Ensley,iensleyav@loc.gov,Gigaclub
Lindsey,Garratt,lgarrattaw@linkedin.com,Fiveclub
Ermentrude,Shoveller,eshovellerax@sun.com,Thoughtblab
Sherlocke,Rouff,srouffay@un.org,
Codie,Dallimare,cdallimareaz@blog.com,Avaveo
Jecho,Godball,jgodballb0@wikipedia.org,Vitz
Rickert,Readman,rreadmanb1@w3.org,Zoombeat
Corny,Torre,ctorreb2@nbcnews.com,Talane
Lib,Mullaney,lmullaneyb3@wikipedia.org,Brainlounge
Damien,Jendricke,djendrickeb4@narod.ru,Skimia
Ricky,Salliere,rsalliereb5@barnesandnoble.com,Edgeify
Avrit,Bensley,abensleyb6@twitpic.com,Edgeclub
Damian,Gennrich,dgennrichb7@who.int,Kwilith
Rochell,Marples,rmarplesb8@themeforest.net,Dabvine
Vivi,Houltham,vhoulthamb9@blogger.com,Dynazzy
Milty,Sirmon,msirmonba@goo.gl,Agivu
Man,Iacovelli,miacovellibb@rambler.ru,Jayo
Chaddie,Rakes,crakesbc@europa.eu,Skiptube
Kirstyn,Clout,kcloutbd@pbs.org,Zoonder
Luther,Ortzen,lortzenbe@berkeley.edu,Youspan
Sonni,Fallanche,sfallanchebf@so-net.ne.jp,Photobug
Becca,Slowgrove,bslowgroveoq@cargocollective.com,Ailane
Terrijo,Stanborough,tstanboroughbg@behance.net,
Jami,Heis,jheisbh@google.pl,Einti
Talyah,Jecks,tjecksbi@dedecms.com,
Bard,McDowall,,
Idette,Foldes,ifoldesbk@rediff.com,
Jessalyn,Tammadge,jtammadgebl@wunderground.com,Bubbletube
Gerri,Snooks,gsnooksbm@hibu.com,Mynte
Dyann,Ellissen,dellissenbn@163.com,Wikibox
Edgard,Reddings,ereddingsbo@icq.com,Yakitri
Germana,Pearmain,gpearmainbp@sina.com.cn,Skilith
Marchelle,Wauchope,mwauchopebq@yelp.com,Mybuzz
Lianne,Bamsey,lbamseybr@princeton.edu,Voomm
Zackariah,McRobb,zmcrobbbs@zdnet.com,Photobug
Fannie,Cornock,fcornockbt@disqus.com,Skalith
Darlene,Theunissen,dtheunissenbu@miibeian.gov.cn,Ooba
Jeane,Ahmed,jahmedbv@google.co.uk,Meevee
Neely,Langdridge,nlangdridgebw@alibaba.com,Jaxworks
Merilyn,Leemans,mleemansbx@usnews.com,
Willy,Antyukhin,wantyukhinby@fda.gov,Ainyx
Hollis,Neem,hneembz@usa.gov,Ooba
Camila,Pointin,cpointinc0@ow.ly,Dabvine
Wittie,Westmancoat,wwestmancoatc1@google.ca,
Wilburt,Stallworthy,wstallworthyc2@si.edu,Tavu
Danyette,Aylesbury,,Lazz
Deva,Esseby,,Quamba
Alejandra,Hupka,ahupkac5@xing.com,Zoombeat
Deina,Abbatini,dabbatinic6@surveymonkey.com,Jayo
Cordi,Runcieman,crunciemanc7@alexa.com,Kimia
Lonnie,Mushett,lmushettc8@usgs.gov,Fanoodle
Matthias,Mawman,mmawmanc9@dmoz.org,Voonder
Angela,Blamey,ablameyca@drupal.org,Photobug
Fawn,Mort,fmortcb@usatoday.com,Youopia
Jock,Dorro,jdorrocc@opera.com,Kwideo
Ava,Brecknall,abrecknallcd@google.de,Oloo
Kai,Beetham,,Topiclounge
Nesta,Plumbridge,nplumbridgecf@dagondesign.com,Yoveo
Chrotoem,Hambribe,chambribecg@ocn.ne.jp,
Barnebas,Baxter,,Dabjam
Barth,Callingham,,Zoozzy
Saxon,Braunlein,sbraunleincj@google.com,Demizz
Anjela,Bentote,abentoteck@photobucket.com,
Cosme,McCaffery,cmccafferycl@histats.com,Tavu
Nicol,Rigardeau,nrigardeaucm@marketwatch.com,
Renie,Castaneda,rcastanedacn@devhub.com,Dynazzy
Mohammed,Calverd,mcalverdco@vimeo.com,Dabvine
Ford,Gallahue,fgallahuecp@archive.org,Mydeo
Persis,Owttrim,powttrimcq@123-reg.co.uk,Skynoodle
Niall,Brompton,nbromptoncr@goo.ne.jp,
Gabbie,Riggey,griggeycs@bloglovin.com,Brainbox
Lanie,Torbard,ltorbardct@columbia.edu,
Ralph,Hockey,rhockeycu@google.com.br,Yoveo
Doyle,Vivash,dvivashcv@princeton.edu,Ntag
Gerri,Championnet,gchampionnetcw@usgs.gov,Vimbo
Hastings,Allmann,hallmanncx@cdbaby.com,Ntag
Betta,Sidgwick,bsidgwickcy@opensource.org,Yozio
Hersh,Bust,hbustcz@naver.com,Avamba
Britte,Debrick,bdebrickd0@yellowpages.com,Tavu
Peri,Mogenot,pmogenotd1@angelfire.com,Demivee
Gipsy,Clissett,gclissettd2@businessweek.com,Tagtune
Terri,Lalley,tlalleyd3@linkedin.com,
Dniren,Lillicrop,dlillicropd4@unc.edu,Blognation
Rozalie,Stobbe,rstobbed5@hugedomains.com,Dabfeed
Cthrine,Humpatch,chumpatchd6@theatlantic.com,Meedoo
Flinn,Chase,fchased7@stanford.edu,Kimia
Orelee,Adshede,oadsheded8@webeden.co.uk,
Alla,Farndell,afarndelld9@furl.net,Meembee
Renie,Morilla,rmorillada@europa.eu,Yakidoo
Griffin,Burgyn,gburgyndb@phoca.cz,Layo
Sandi,Hammerberg,,Avavee
Sunshine,Keppel,skeppeldd@cisco.com,Oloo
Olympie,Mussilli,omussillide@ning.com,Brainverse
Peg,Crewes,pcrewesdf@newsvine.com,Kazu
Aldus,Delhanty,adelhantydg@lulu.com,Centidel
Gypsy,Redish,gredishdh@histats.com,
Arlen,Besson,abessondi@intel.com,Youopia
Any,Mepsted,,Teklist
Trent,Daniellot,tdaniellotdk@washingtonpost.com,Edgeify
Allison,Baccup,abaccupdl@google.com,Feedmix
Rosy,Boecke,rboeckedm@ask.com,Blognation
Brandais,Lenchenko,blenchenkodn@senate.gov,Edgeclub
Jule,Jankovsky,jjankovskydo@ucla.edu,Jabbersphere
Elianore,Ranns,erannsdp@diigo.com,
Ichabod,Lewisham,ilewishamdq@mayoclinic.com,Twitterworks
Mariele,Edgcombe,medgcombedr@hugedomains.com,Tavu
Abey,Heads,aheadsds@ow.ly,Realfire
Terrye,Pulsford,tpulsforddt@about.me,Jamia
Shirlene,Von Der Empten,svonderemptendu@bing.com,
Tersina,MacAlpine,tmacalpinedv@printfriendly.com,Meezzy
Flora,McGruar,fmcgruardw@mac.com,Twitterwire
Ceciley,Crumb,ccrumbdx@about.com,Janyx
Joe,Gregorowicz,jgregorowiczdy@phpbb.com,Flipopia
Aurelia,Dyzart,adyzartdz@over-blog.com,Realbridge
Marchelle,MacKain,,Vitz
Saraann,MacKenney,smackenneye1@wsj.com,Kamba
Agnesse,Meredith,ameredithe2@discuz.net,Gabvine
Cyndie,Ferriday,cferridaye3@vistaprint.com,Thoughtbeat
Carmencita,Kegley,ckegleye4@goodreads.com,Rooxo
Dennis,Fuggle,dfugglee5@gov.uk,Myworks
Fanechka,Chrisp,fchrispe6@ebay.co.uk,Buzzdog
Theressa,Dunkersley,tdunkersleye7@marriott.com,
Myrlene,Gabriel,mgabriele8@pcworld.com,Katz
Reginauld,Mumby,rmumbye9@msu.edu,Trunyx
Feodor,Pudden,fpuddenea@over-blog.com,Topicstorm
Barb,Beevens,bbeevenseb@discuz.net,Quimm
Beatrix,Nellen,bnellenec@sun.com,Youtags
Buddy,Carous,bcaroused@gizmodo.com,Centimia
Errick,Bidder,ebidderee@thetimes.co.uk,InnoZ
Opaline,Paoloni,opaolonief@mysql.com,
Ossie,Kissack,okissackeg@github.io,Quinu
Page,Preator,ppreatoreh@google.com.hk,Meevee
Wilone,Huntingford,whuntingfordei@vistaprint.com,Linktype
Maggie,Courtliff,mcourtliffej@example.com,Wordpedia
Petrina,Breeds,pbreedsek@paypal.com,
Moira,Atterley,matterleyel@dmoz.org,Mybuzz
Leola,Cordero,lcorderoem@amazon.com,Mynte
Steffane,Warn,swarnen@wired.com,Tagcat
Emlynne,Sandon,esandoneo@epa.gov,Innojam
Cello,McNair,cmcnairep@hc360.com,
Hilliard,Hands,hhandseq@edublogs.org,Babbleopia
Verene,Robiou,vrobiouer@phoca.cz,
Terri-jo,Chetwin,tchetwines@vimeo.com,
Ham,Server,hserveret@behance.net,Livefish
Lacie,Fitzroy,lfitzroyeu@qq.com,Leexo
Tatum,Levy,tlevyev@wiley.com,Aimbu
Cirstoforo,Epinoy,cepinoyew@nih.gov,Quimba
Jerrine,Davidsen,jdavidsenex@about.com,Twitternation
Griffin,Tresvina,gtresvinaey@wp.com,Eadel
Alon,Boken,abokenez@homestead.com,Digitube
Lib,Jowett,ljowettf0@reverbnation.com,Pixonyx
David,Vaisey,dvaiseyf1@seattletimes.com,Realbridge
Anabelle,Trangmar,,Jamia
Kamilah,Healings,khealingsf3@va.gov,Mydo
Archambault,Ainscow,aainscowf4@altervista.org,Youspan
Thaine,Roache,troachef5@globo.com,Skippad
Tabby,Sutherley,tsutherleyf6@alexa.com,Jabbersphere
Jeramie,Gleeton,jgleetonf7@ft.com,
Roma,Viggers,rviggersf8@answers.com,Twitterwire
Mattheus,Elsworth,melsworthf9@yale.edu,Wikizz
Holly,Vanelli,hvanellifa@xrea.com,Thoughtblab
Ike,McComiskey,imccomiskeyfb@alibaba.com,Bubbletube
Con,Natalie,cnataliefc@godaddy.com,Avaveo
Yorker,Aindriu,yaindriufd@sbwire.com,Plambee
Padget,Rootes,prootesfe@google.co.jp,Divanoodle
Gloriane,Dillamore,gdillamoreff@cafepress.com,InnoZ
Patrice,Menere,pmenerefg@samsung.com,Skynoodle
Graig,Braune,,Devshare
Ingrid,Myatt,imyattfi@japanpost.jp,JumpXS
Augustine,Wilshin,awilshinfj@soundcloud.com,Youspan
Sampson,Carlin,scarlinfk@bandcamp.com,Topicstorm
Gloria,Rhule,grhulefl@ow.ly,Zoombeat
Chelsie,Crowley,ccrowleyfm@hao123.com,Linktype
Salome,Stancliffe,sstancliffefn@amazon.de,Lajo
Waiter,Regina,wreginafo@woothemes.com,Thoughtstorm
Jo-ann,Abdie,jabdiefp@latimes.com,Skimia
Graeme,McCullough,,Flipbug
Witty,Strathe,wstrathefr@blinklist.com,Thoughtstorm
Joyous,Pietraszek,jpietraszekfs@businesswire.com,Omba
Tadeo,Deane,tdeaneft@ycombinator.com,Topicstorm
Cristi,Repp,creppfu@sakura.ne.jp,Wordtune
Derward,Ragbourn,dragbournfv@ftc.gov,Zoozzy
Kaine,Imason,kimasonfw@elegantthemes.com,Mydeo
Doreen,Scaife,dscaifefx@nytimes.com,Kazio
Georgiana,Ivins,givinsfy@geocities.com,Twimm
Cele,Benjamin,cbenjaminfz@is.gd,
Justus,Kubas,jkubasg0@irs.gov,Rhyzio
Meghan,Sly,mslyg1@stanford.edu,Meetz
Shane,Rizzetti,srizzettig2@com.com,InnoZ
Charissa,Havelin,chaveling3@oracle.com,Skilith
Zachery,Brook,zbrookg4@dedecms.com,Meedoo
Waverley,Millberg,wmillbergg5@timesonline.co.uk,
Kippie,Mathiassen,kmathiasseng6@g.co,Demimbu
Der,Preon,dpreong7@ifeng.com,Janyx
Britt,Levison,blevisong8@cnn.com,Blognation
Deane,Squire,dsquireg9@washingtonpost.com,Youopia
Humfrid,Herkess,hherkessga@twitter.com,
Bryn,Terne,bternegb@wikimedia.org,Zoomlounge
Gwenni,Ybarra,,Skippad
Val,Bridson,vbridsongd@discuz.net,Livefish
Arlyne,Adie,aadiege@washington.edu,Photolist
Reed,Vinnick,,Skyndu
Malorie,Owlner,mowlnergg@google.nl,Dazzlesphere
Leupold,Pressdee,lpressdeegh@npr.org,
Annabelle,Searjeant,asearjeantgi@aboutads.info,Meevee
Dorita,Scrowby,dscrowbygj@fastcompany.com,Quatz
Latashia,Plumbe,lplumbegk@time.com,Jaxspan
Bryon,O'Hdirscoll,bohdirscollgl@usnews.com,Aibox
Vincenty,Lampaert,,
Giacomo,Parfrey,,Trudeo
Anne-corinne,Eustis,aeustisgo@cpanel.net,
Ariel,Dubois,aduboisgp@macromedia.com,DabZ
Gertie,Letch,gletchgq@microsoft.com,Browsetype
Paige,Gammell,pgammellgr@businessinsider.com,Thoughtbridge
Trisha,Williamson,twilliamsongs@hhs.gov,JumpXS
Briano,Kamen,bkamengt@sakura.ne.jp,Yozio
Bernard,Tidball,btidballgu@dion.ne.jp,Bluejam
Agretha,Slewcock,aslewcockgv@ibm.com,Thoughtblab
Caz,Carmo,ccarmogw@pcworld.com,Avaveo
Sybilla,Banbridge,sbanbridgegx@constantcontact.com,Browsecat
Hugo,De Mico,hdemicogy@huffingtonpost.com,InnoZ
Catrina,Jordi,cjordigz@1688.com,JumpXS
Dee dee,Faustian,dfaustianh0@go.com,Dynava
Dodie,Fullick,dfullickh1@twitpic.com,Tagfeed
Lothario,Heymes,lheymesh2@vinaora.com,Skimia
Bella,Dufty,bduftyh3@wiley.com,Oyoba
Estevan,Garron,egarronh4@privacy.gov.au,Meemm
Waylan,Yedall,wyedallh5@github.com,Edgeify
Anderea,Price,apriceh6@zdnet.com,Livetube
Sibyl,Swayne,sswayneh7@google.es,Vidoo
Yorgo,Slym,,Linktype
Robinson,Keerl,rkeerlh9@mail.ru,Rooxo
Maressa,Denney,mdenneyha@sun.com,Mydo
Adora,Longthorne,alongthornehb@howstuffworks.com,Flashdog
Alvinia,Welfare,awelfarehc@nps.gov,Shuffletag
Debby,Major,dmajorhd@archive.org,Blognation
Gale,Rable,grablehe@123-reg.co.uk,Kwideo
Marnia,Gosden,mgosdenhf@economist.com,Cogidoo
Sallyann,Castelow,scastelowhg@dyndns.org,Wordpedia
Chet,McFade,cmcfadehh@prnewswire.com,
Ericha,Collocott,ecollocotthi@goo.ne.jp,Flashspan
Horst,Garling,hgarlinghj@sciencedaily.com,Thoughtstorm
Byrom,Bodesson,bbodessonhk@gnu.org,Leexo
Errol,Milton-White,emiltonwhitehl@smh.com.au,Skiba
Fernandina,Bushe,fbushehm@harvard.edu,Jayo
Carissa,Dagnall,cdagnallhn@slate.com,Gabspot
Abramo,Josilevich,ajosilevichho@barnesandnoble.com,Thoughtbeat
Fayth,Fripps,ffrippshp@miibeian.gov.cn,Minyx
Liana,Caulder,lcaulderhq@walmart.com,Demizz
Tanner,Tommen,ttommenhr@usnews.com,Dabshots
Kiri,Cobb,kcobbhs@weebly.com,Linkbuzz
Carrie,Downse,cdownseht@bing.com,Npath
Sarette,Yushkin,syushkinhu@reverbnation.com,Oyonder
Lettie,Trott,ltrotthv@csmonitor.com,Feedfire
Marian,Redhole,mredholehw@theatlantic.com,Agimba
Raimondo,Carlet,rcarlethx@forbes.com,Zoomcast
Zackariah,McRobb,zmcrobbbs@zdnet.com,Photobug
Alberik,Shapira,ashapirahy@mozilla.com,Eamia
Birgit,Cawse,bcawsehz@adobe.com,Mybuzz
Lilian,Hansley,lhansleyi0@opensource.org,Skyble
Cesya,Badini,cbadinii1@chicagotribune.com,Demivee
Eduardo,Ritch,eritchi2@un.org,Divape
Lorrie,O'Hoolahan,lohoolahani3@yellowbook.com,
Giorgio,Matt,gmatti4@so-net.ne.jp,
Ethelda,Ordemann,eordemanni5@opera.com,Thoughtmix
Davin,Hemstead,dhemsteadi6@scientificamerican.com,Talane
Betteann,Ockland,bocklandi7@businesswire.com,Fivechat
Millicent,Antoniak,mantoniaki8@youtu.be,Meeveo
Della,Snelgrove,dsnelgrovei9@auda.org.au,Tavu
Farrel,Dugdale,fdugdaleia@discuz.net,Voomm
Gery,Pringer,,Roombo
Hermione,Spear,hspearic@senate.gov,Blogpad
Charmaine,Bannard,cbannardid@purevolume.com,Skimia
Tommy,Wilmore,,Gigashots
Carce,Knivett,cknivettif@g.co,Lazz
Jud,Nudd,jnuddig@opera.com,Eire
Riane,Chippindale,rchippindaleih@ebay.co.uk,Yabox
Jacklin,Sadgrove,jsadgroveii@hugedomains.com,Centidel
Gian,Georgeson,ggeorgesonij@craigslist.org,Twinder
Cloe,Stoneley,cstoneleyik@ezinearticles.com,Vimbo
Magdaia,Leavens,mleavensil@pagesperso-orange.fr,Lajo
Frederich,Swanton,fswantonim@fotki.com,Flipbug
Christina,Isacoff,cisacoffin@tripod.com,Thoughtstorm
Adam,Reams,areamsio@ustream.tv,Yodoo
Dulci,Gypps,dgyppsip@trellian.com,Vinder
Kacey,Spiers,kspiersiq@shareasale.com,Wordware
Jephthah,Wilcox,jwilcoxir@icq.com,Zoonoodle
Sigmund,Langhor,slanghoris@blinklist.com,Bubblebox
Mariya,Nash,,Feednation
Harv,Fasson,hfassoniu@csmonitor.com,Pixonyx
Abran,Sone,asoneiv@domainmarket.com,Vimbo
Alanna,Dericut,adericutiw@macromedia.com,Yata
Tera,Slaney,tslaneyix@posterous.com,
Skell,Heasley,sheasleyiy@arstechnica.com,Dazzlesphere
Becca,Slowgrove,bslowgroveoq@cargocollective.com,Ailane
Panchito,Poag,ppoagiz@lulu.com,Mynte
Edna,Faulkner,efaulknerj0@who.int,Browsezoom
Kiersten,De Nisco,kdeniscoj1@shop-pro.jp,Ooba
Allister,Hassur,ahassurj2@amazon.co.uk,Yacero
Melinda,Warton,mwartonj3@ucla.edu,Snaptags
Di,Smalecombe,dsmalecombej4@tamu.edu,Brightdog
Leeann,Robshaw,,Jaxnation
Iris,Edeler,iedelerj6@amazon.de,Realfire
Anne-marie,Futcher,afutcherj7@slate.com,
Beck,Bendon,bbendonj8@comsenz.com,Oyoba
Aigneis,McCaughey,amccaugheyj9@t.co,Gabtune
Rosalinda,Stiegers,rstiegersja@multiply.com,Meevee
Conny,Sandercroft,csandercroftjb@imgur.com,Jayo
Blythe,Billin,bbillinjc@scientificamerican.com,Eazzy
Davon,Leadstone,,Buzzshare
Zoe,Nisby,znisbyje@istockphoto.com,Eidel
Aurelia,Craisford,acraisfordjf@flickr.com,Mita
Fredric,Ambrogelli,fambrogellijg@tuttocitta.it,Tagcat
Maynord,Sier,msierjh@taobao.com,Cogilith
Kelsey,Milburne,kmilburneji@technorati.com,Tazz
Tammara,Cosgriff,tcosgriffjj@admin.ch,Feednation
Angelica,Wither,awitherjk@mlb.com,Realmix
Tarra,Rosenauer,trosenauerjl@dyndns.org,Realmix
Blakeley,Bremen,bbremenjm@google.nl,Devpulse
Jud,Shepard,jshepardjn@over-blog.com,Skyba
Cary,Allright,callrightjo@amazon.co.jp,Jabbersphere
Jammie,Blackburne,jblackburnejp@techcrunch.com,Meejo
Dorothee,Taffurelli,dtaffurellijq@desdev.cn,Yamia
Sharia,Rhyme,srhymejr@archive.org,Shufflebeat
Lyndsie,Hayles,lhaylesjs@prnewswire.com,Jabbertype
Poul,Doige,pdoigejt@discuz.net,Abatz
Merissa,Drugan,mdruganju@zimbio.com,
Donny,Aldins,daldinsjv@arizona.edu,Ntags
Kayla,Domoni,kdomonijw@sbwire.com,Jamia
Chip,Hallward,challwardjx@ca.gov,Geba
Phyllis,Frankel,pfrankeljy@miitbeian.gov.cn,
Devondra,Simnell,dsimnelljz@acquirethisname.com,Meemm
Harriette,Garnul,hgarnulk0@biblegateway.com,Kimia
Richy,Cremen,rcremenk1@webnode.com,Topicstorm
Lyle,Clifft,lclifftk2@state.tx.us,
Andriette,Rickaby,,Kimia
Hamilton,Seelbach,hseelbachk4@histats.com,Oyoba
Parrnell,Karpets,pkarpetsk5@360.cn,Fliptune
Elsey,Raithmill,eraithmillk6@themeforest.net,DabZ
Anna-diane,Brahms,abrahmsk7@loc.gov,Blogtags
Myrtice,Pirson,mpirsonk8@plala.or.jp,Meeveo
Timmie,Heckner,thecknerk9@technorati.com,Dynabox
Murvyn,Keymar,mkeymarka@over-blog.com,Topicware
Cam,Kob,,Plajo
Dru,Vedyasov,dvedyasovkc@360.cn,Realbuzz
Darice,Tattersill,,Gigazoom
Hurleigh,Jerred,hjerredke@woothemes.com,Rhynoodle
Monty,Gylle,mgyllekf@yolasite.com,Tekfly
Eimile,Adess,eadesskg@mashable.com,Chatterpoint
Allison,Noell,anoellkh@dailymotion.com,Mudo
Harris,Meanwell,hmeanwellki@ustream.tv,Quinu
Dacey,Zink,dzinkkj@chicagotribune.com,Eidel
Gael,Bartholin,,InnoZ
Susi,Luby,slubykl@ow.ly,Kwinu
Dolph,Walentynowicz,dwalentynowiczkm@google.de,Voonix
Marjy,Harriott,mharriottkn@sogou.com,Shuffletag
Richart,Scullard,rscullardko@freewebs.com,Jabberbean
Annalise,Glanvill,aglanvillkp@independent.co.uk,Abata
Brewster,Pougher,bpougherkq@cisco.com,
Rozamond,Blacket,rblacketkr@zimbio.com,Livetube
Andre,Skarin,askarinks@sina.com.cn,DabZ
Jessalyn,Minster,jminsterkt@uiuc.edu,Photobean
Isak,Guirardin,,Centidel
Thomasine,Damrell,tdamrellkv@zdnet.com,Topiczoom
Lemmy,Pappi,lpappikw@liveinternet.ru,Dabvine
Tamas,Conville,tconvillekx@disqus.com,Dynabox
Poul,Wilmore,pwilmoreky@themeforest.net,Jabbersphere
Tann,Menaul,tmenaulkz@japanpost.jp,Thoughtstorm
Josey,Ryton,jrytonl0@slate.com,Devshare
Ranice,Skip,rskipl1@accuweather.com,
Luce,Haggart,lhaggartl2@mail.ru,Kwinu
Yank,Hinz,yhinzl3@1688.com,
Michaela,Gogin,mgoginl4@foxnews.com,Vitz
Booth,Cufflin,bcufflinl5@dedecms.com,Dynabox
Florian,Ferrarone,fferraronel6@cbslocal.com,Meemm
El,Daveran,edaveranl7@deliciousdays.com,Ooba
Ardys,Pechold,apecholdl8@hud.gov,Rhynyx
Cordell,Becerra,cbecerral9@homestead.com,Feednation
Patsy,Thorius,pthoriusla@omniture.com,Linktype
Jillene,Cokly,jcoklylb@hostgator.com,Kwilith
Caressa,Faulconbridge,cfaulconbridgelc@ucla.edu,Yakijo
Miller,Leverton,mlevertonld@jugem.jp,Nlounge
Jaine,Jury,jjuryle@answers.com,Topicblab
Audrie,Kaveney,akaveneylf@google.it,Layo
Anatole,Crenshaw,acrenshawlg@w3.org,Zooveo
Jaynell,Vasyunkin,jvasyunkinlh@hc360.com,Photolist
Gerda,McGregor,gmcgregorli@washington.edu,Wikibox
Adria,Casina,acasinalj@technorati.com,Youspan
Goldy,McCudden,gmccuddenlk@geocities.com,Realmix
Susanne,O'Crevan,socrevanll@over-blog.com,Browsebug
Dana,Cuncarr,dcuncarrlm@last.fm,LiveZ
Derby,Landsborough,,Edgetag
Gordie,Cluff,gclufflo@archive.org,Oyoyo
Mariya,Aymes,maymeslp@altervista.org,Avamba
Jacquie,Hoonahan,jhoonahanlq@ning.com,Eadel
Harley,Zimek,hzimeklr@mit.edu,Aibox
Caryl,Killeley,ckilleleyls@google.it,
Stanton,Dybbe,sdybbelt@springer.com,Aimbo
Brad,Deery,bdeerylu@technorati.com,Eamia
Georg,Tomaskunas,gtomaskunaslv@cocolog-nifty.com,Plajo
Benetta,Nesbitt,,
Lianne,McGauhy,lmcgauhylx@chron.com,Jazzy
Nadean,Harsent,,Voomm
Berta,McAulay,,Zoomcast
Maureene,Vergine,mverginem0@fc2.com,Jaxnation
Briny,Pllu,bpllum1@ftc.gov,Flashset
Rhett,Eagling,reaglingm2@symantec.com,
Josie,Erett,jerettm3@hatena.ne.jp,Rhynyx
Berty,Currington,bcurringtonm4@ft.com,Linkbuzz
Filip,Stenbridge,fstenbridgem5@live.com,
Elsi,Ditter,editterm6@alibaba.com,
Ced,Tait,ctaitm7@bandcamp.com,Quatz
Magdalen,Matushenko,mmatushenkom8@sciencedaily.com,Divape
Johnny,Ilive,,Myworks
Curt,Goodricke,cgoodrickema@amazon.com,Katz
Garv,Bullar,gbullarmb@furl.net,Myworks
Ulysses,Lawlor,ulawlormc@wordpress.com,Avamm
Cyrus,Rowsel,crowselmd@devhub.com,Trilith
Sofia,Fice,sficeme@yale.edu,Twitterwire
Erroll,Dartnall,edartnallmf@seattletimes.com,Youbridge
Paulita,Mould,pmouldmg@ovh.net,Feedfire
Colver,Duddin,cduddinmh@nbcnews.com,Mymm
Yul,Fitkin,yfitkinmi@example.com,Mynte
Kat,Mouser,kmousermj@ucsd.edu,Chatterbridge
Nil,Sweeny,nsweenymk@chronoengine.com,Quamba
Allie,Border,aborderml@mozilla.org,Demizz
Annabelle,Roskams,aroskamsmm@huffingtonpost.com,Pixonyx
Joice,Rosenkranc,jrosenkrancmn@nps.gov,Mydeo
Danna,Cartmer,dcartmermo@theglobeandmail.com,Brightbean
Bordie,Bonellie,bbonelliemp@apache.org,Pixoboo
Corrianne,Murricanes,cmurricanesmq@sogou.com,Trilia
Gianni,Kinver,gkinvermr@paginegialle.it,Jaxnation
Kristy,Folini,kfolinims@1688.com,
Agnes,Anfosso,aanfossomt@histats.com,
Susanne,Vargas,svargasmu@imgur.com,Trudeo
Giffie,Burwood,gburwoodmv@umich.edu,Quinu
Sterling,Chaloner,schalonermw@yelp.com,Gigazoom
Glad,Beston,gbestonmx@dot.gov,Mynte
D'arcy,Chicchetto,dchicchettomy@scientificamerican.com,Zoovu
Estrellita,Boreland,eborelandmz@yahoo.co.jp,Topdrive
Ingaborg,Rutland,irutlandn0@reddit.com,Voonix
Yorgo,Hubach,yhubachn1@hhs.gov,Brightbean
Andres,Duggen,aduggenn2@mashable.com,
Doloritas,Crumley,dcrumleyn3@etsy.com,Linkbridge
Carlos,Shynn,cshynnn4@indiegogo.com,Meevee
Michale,Pennells,mpennellsn5@youtube.com,Riffpath
Jess,Kleeman,jkleemann6@nydailynews.com,Skinder
Drud,Prosser,dprossern7@examiner.com,Jazzy
Bear,Tippell,btippelln8@soup.io,
Humfrid,Nicolson,hnicolsonn9@amazonaws.com,
Caron,Pomfrey,cpomfreyna@yolasite.com,Dabfeed
Darlleen,Basilio,dbasilionb@hubpages.com,Voomm
Meghan,Mohun,mmohunnc@phpbb.com,Feedmix
Mirabelle,Dellenbrook,mdellenbrooknd@symantec.com,Fadeo
Gradey,Muttitt,,Flashdog
Putnem,Greenhalf,pgreenhalfnf@fema.gov,Linkbridge
Tedmund,Standish-Brooks,tstandishbrooksng@dot.gov,Wikibox
Raymond,Mathiot,rmathiotnh@blogs.com,Jetpulse
Jody,Ackerman,jackermanni@mysql.com,Trilith
Abagail,Gladbeck,agladbecknj@harvard.edu,Abatz
Gus,Andriessen,gandriessennk@chron.com,Wordtune
Pail,Laflin,plaflinnl@geocities.jp,Jatri
Inez,Adie,iadienm@sfgate.com,Realcube
Bevin,Pudsey,bpudseynn@cloudflare.com,Eayo
Lisa,Dugdale,ldugdaleno@slideshare.net,Gevee
Harman,Fidler,hfidlernp@constantcontact.com,Demivee
Jena,Coggin,jcogginnq@squidoo.com,
Lolita,Applegate,lapplegatenr@wired.com,Kaymbo
Daisi,Asson,dassonns@hostgator.com,Twitterwire
Katharyn,Tern,kternnt@desdev.cn,Bluezoom
Athena,Mattisssen,,Bluejam
Jacquelynn,Kittman,jkittmannv@soup.io,Tagcat
Kristyn,Choudhury,kchoudhurynw@privacy.gov.au,Dabvine
Fallon,Rosborough,frosboroughnx@harvard.edu,Twimm
Britta,Parcall,bparcallny@etsy.com,Devshare
Odette,Dumberrill,odumberrillnz@paypal.com,Yakitri
Nickolaus,Sarsons,nsarsonso0@scribd.com,Skipfire
Moyra,Maypole,mmaypoleo1@mashable.com,Yakijo
Erinn,Vasey,evaseyo2@soup.io,Riffpath
Orran,Wickens,owickenso3@dedecms.com,Zoovu
Virgie,Haitlie,vhaitlieo4@google.fr,Thoughtworks
Ruy,Kewish,rkewisho5@tinypic.com,Mita
Brandea,Abramcik,babramciko6@jiathis.com,Photobug
Stacee,Elmar,selmaro7@t.co,
Aubrie,Bouchard,abouchardo8@amazon.co.uk,Flashpoint
Avictor,Mears,amearso9@aol.com,Rhynyx
Pincus,McCreery,pmccreeryoa@instagram.com,Babbleblab
Griffith,Blaxlande,gblaxlandeob@uol.com.br,Quire
Sherlock,Blague,sblagueoc@sun.com,Jaxnation
Stacee,Suthworth,ssuthworthod@yahoo.com,Feedfish
Dianna,Stoney,dstoneyoe@about.me,Oyonder
Cristi,Rabbitt,crabbittof@vinaora.com,Eazzy
Annora,McHugh,amchughog@slideshare.net,
Kelcie,Beevers,kbeeversoh@intel.com,Divanoodle
Etta,Cahillane,ecahillane44@businessinsider.com,Twitterworks
Hilton,Swaine,hswaineoi@netvibes.com,Gabvine
Karlik,Harrop,kharropoj@a8.net,Quinu
Grantham,Pheasant,gpheasantok@usgs.gov,Vimbo
Kaia,Toffolini,ktoffoliniol@feedburner.com,JumpXS
Darrick,Collick,dcollickom@phpbb.com,Tagopia
Steffi,Lothean,slotheanon@nps.gov,Ntags
Lorilyn,Purches,,Devify
Georgi,Eusden,geusdenop@uiuc.edu,Zoonder
Becca,Slowgrove,bslowgroveoq@cargocollective.com,Ailane
Carlita,Vinecombe,cvinecombeor@cdc.gov,Dynava
Ripley,Waberer,rwabereros@alexa.com,Wikivu
Rodrick,Behne,rbehneot@tmall.com,Dynabox
Octavia,Howsden,ohowsdenou@samsung.com,Skyndu
Clerissa,Broadey,,Oozz
Lori,Tolcharde,,Voomm
Ardelia,Sergeant,asergeantox@google.com.hk,Oozz
Sibbie,Eaves,seavesoy@purevolume.com,Vipe
Jessalyn,Osment,josmentoz@microsoft.com,Leexo
Whitman,Mobius,wmobiusp0@phoca.cz,Buzzshare
Inez,Coysh,icoyshp1@gizmodo.com,Youbridge
Issy,Duer,iduerp2@simplemachines.org,
Suzanna,Hedman,shedmanp3@buzzfeed.com,Wikibox
Doe,Lerner,dlernerp4@nps.gov,
Ingelbert,Burren,iburrenp5@cornell.edu,Yodel
Ardis,Samuels,,Thoughtstorm
Harald,Talton,htaltonp7@about.com,Eabox
Garrard,Karlqvist,gkarlqvistp8@istockphoto.com,Midel
Martina,Oleszkiewicz,moleszkiewiczp9@nature.com,
Hildegaard,MacDonogh,hmacdonoghpa@simplemachines.org,
Carlene,Muskett,cmuskettpb@miibeian.gov.cn,Flipopia
Beryle,Byas,bbyaspc@google.co.jp,Thoughtbridge
Winnah,Scutchin,wscutchinpd@smugmug.com,Meezzy
Wilbur,Klempke,wklempkepe@tiny.cc,Jaxnation
Shandy,Feron,sferonpf@examiner.com,
Gerti,Elen,gelenpg@google.cn,Edgeblab
Joey,McCluney,jmccluneyph@google.com,Abata
Darryl,Snipe,dsnipepi@google.pl,Mynte
Dimitry,Houlridge,dhoulridgepj@hugedomains.com,Skyndu
Reena,Firman,,Bubbletube
Danell,Vlahos,dvlahospl@indiatimes.com,Eazzy
Carson,Lucian,clucianpm@webmd.com,Devpoint
Pauly,Smithers,psmitherspn@cornell.edu,
Kristina,Piecha,kpiechapo@thetimes.co.uk,Trudoo
Talyah,Doubrava,tdoubravapp@usgs.gov,Youtags
Serena,Volks,svolkspq@princeton.edu,Rhynyx
Minni,Bloxsom,mbloxsompr@tuttocitta.it,Centidel
Ladonna,Grichukhin,lgrichukhinps@ow.ly,Innojam
Hewett,Berends,hberendspt@amazonaws.com,
Dasi,Woodworth,dwoodworthpu@wsj.com,Jabberbean
Emlynn,Mitham,emithampv@tumblr.com,Mymm
Libbie,Eassom,leassompw@list-manage.com,Skyndu
Thea,Walker,twalkerpx@deviantart.com,Demimbu
Tricia,Klasing,tklasingpy@businesswire.com,Thoughtworks
Bernette,Leake,bleakepz@topsy.com,Edgetag
Cyrus,Gregs,cgregsq0@yandex.ru,Photospace
Shepperd,Yearne,,Topicware
Vernon,Pilger,vpilgerq2@fda.gov,Kazio
Letitia,Conaboy,lconaboyq3@1und1.de,Realbridge
Daren,Buney,dbuneyq4@lycos.com,Buzzdog
Aubrie,Naden,anadenq5@squidoo.com,Pixoboo
Jermain,Jackett,jjackettq6@ebay.co.uk,Mydeo
Raven,Von Brook,rvonbrookq7@mashable.com,Demizz
Pollyanna,Tomczynski,ptomczynskiq8@mysql.com,Realcube
Valry,Middle,vmiddleq9@etsy.com,Flashset
Lucian,Force,lforceqa@princeton.edu,
Westley,Dumingo,wdumingoqb@fda.gov,Tazzy
Matty,Drewett,mdrewettqc@cpanel.net,Brightdog
Clem,Goldsworthy,cgoldsworthyqd@yellowpages.com,Jaxnation
Aksel,Burstowe,aburstoweqe@discovery.com,
Rosabella,Rubes,rrubesqf@smugmug.com,Tazz
Celestina,O'Hartigan,cohartiganqg@umich.edu,Linklinks
Nissie,Boner,nbonerqh@delicious.com,
Miranda,Hamlett,mhamlettqi@reddit.com,Jetwire
Guntar,Sallowaye,gsallowayeqj@mail.ru,Gabvine
Reeta,McGenn,rmcgennqk@harvard.edu,
Belinda,Manser,bmanserql@tinypic.com,Thoughtworks
Weston,Kalker,wkalkerqm@about.com,Fliptune
Herbert,Duran,hduranqn@yandex.ru,Mycat
Aubree,Meneur,,Eadel
Eugenio,Lebbern,elebbernqp@geocities.com,Npath
Amil,Drysdale,adrysdaleqq@ebay.com,Twitterbeat
Devin,Mableson,dmablesonqr@usa.gov,Innojam
Paulita,Helsby,phelsbyqs@netscape.com,Browseblab
Yancy,Polo,ypoloqt@nih.gov,Rhyloo
Graeme,Foley,gfoleyqu@theglobeandmail.com,Thoughtbridge
Noel,Leddy,nleddyqv@github.io,
Aeriela,Pilipyak,apilipyakqw@samsung.com,Blogpad
Di,Yellowlees,dyellowleesqx@yelp.com,Youbridge
Selby,Frisel,sfriselqy@adobe.com,Meejo
Filmer,Childerhouse,fchilderhouseqz@com.com,Jabberbean
Aleda,Schwandt,aschwandtr0@linkedin.com,Tagtune
Sal,Spedroni,sspedronir1@webs.com,Skinte
Joyann,Coll,jcollr2@istockphoto.com,Voonix
Collete,Paget,cpagetr3@springer.com,Rhynyx
Wallie,Tobias,wtobiasr4@geocities.com,Trupe
Shaylynn,Edmonds,sedmondsr5@bing.com,Buzzshare
Tomlin,Di Baudi,tdibaudir6@de.vu,Blogspan
Lian,Himsworth,lhimsworthr7@free.fr,Fivebridge
Bryana,Gammie,bgammier8@multiply.com,Kayveo
Mathilda,Brompton,mbromptonr9@amazon.com,Katz
Arel,Riall,ariallra@mapy.cz,Thoughtstorm
Isac,Burthom,iburthomrb@opera.com,
Etheline,Dimitrescu,edimitrescurc@samsung.com,Edgewire
Auria,Bromehead,abromeheadrd@nymag.com,
Lucille,Shallow,lshallowre@comcast.net,Fadeo
Koressa,McDugal,kmcdugalrf@opera.com,Skinte
Latrina,Bruff,lbruffrg@miibeian.gov.cn,Dynazzy
Stinky,Hush,shushrh@jalbum.net,Skinix
Christin,Poulsen,cpoulsenri@youku.com,Edgeclub
Angy,Denekamp,adenekamprj@i2i.jp,Jabbertype
Titus,Coulthart,tcoulthartrk@europa.eu,Kwilith
Alexine,Menlove,amenloverl@about.me,Photojam
Andris,Wentworth,awentworthrm@wordpress.org,Blogspan
Jodi,Farmloe,jfarmloern@dot.gov,Skinte
Wain,Wartonby,wwartonbyro@prweb.com,Photolist
Zackariah,McRobb,zmcrobbbs@zdnet.com,Photobug
Suzette,Bannon,sbannonrp@washington.edu,Zooveo
Lyndy,Bront,lbrontrq@fema.gov,Zava
Rozina,Dacca,rdaccarr@godaddy.com,
