username,password
kschelle0,38JW9aK0e2
cstpaul1,aoIYENp2i8SZ
kpenreth2,ZTwAFJzinnh
adumelow3,mnqbnay8J
mwilsher4,7tVedu1wOpnp
twelberry5,fwQX3Mw9BE
aeacle6,Dv6vwg2
dpichmann7,qNyyhnExF2vj
tsinson8,Ob31bUxB5
slitherland9,gmJGXYMQV
iraggea,JYAk7A3sNeQo
gattwoollb,ad2305RLevM
cdanbyc,OA41TxC
goakhilld,pB3pYLWh
lsoanee,YXUpleiGa
nissitf,C0NGVlZVh4
cshoebottomg,eslRMwnw
mmorehallh,NYilmYq2
cdonohuei,OksmbEPD1rdT
aannesliej,SYPFRHBq
jsherrellk,pUOanY2kGL
cwitterl,OvFumI
sbleymanm,19t9xS
eskillernn,WTx5K5rIg
lsibbeo,SeOTYc
atrasep,Glu4Bbb6eV
fbendeq,AyGP7aqR
lcuttelarr,Rm917jS53
gcellones,978FetD0ze
bbehnecket,lECfklg
cbennionu,0V2dbce
bdahlbomv,LZsBJ6PTCBOO
dtackesw,WtpusD
apalliserx,BM0aab
bbenainey,uplrPz
ktestoz,6RWMOg2
bpoppleton10,2BR0OSjofm
mbosson11,kkDe66S
lcordero12,fLS197y2Xui
oharradence13,JbQuOa
sfranz14,Zl3RbmxsxX
gallridge15,5lRO6TRa
jbraunstein16,V0RPjJe
tpeckett17,hiyy8DaXkiX
aelner18,DypzHC
adorey19,a1lxpD6l
bgimber1a,TgwEXX
lgoundsy1b,fKNFVdKq7rHl
mpester1c,x8ygKIevCQi
mekkel1d,MEsQjjel
flyles1e,4MNWvKOf
cfoggarty1f,TjaLZ26OvxTJ
aupston1g,Bf9qGLVk
ahoopper1h,rRuTh3
rkerrane1i,qOi6ExsI
apavlovsky1j,TdY1mO
dfowles1k,rVon6thvYnf5
sdevo1l,CYBtUMpjOYbx
obernon1m,aELQt5
temery1n,WHy0YM
dnewiss1o,SZlgCraMlXvy
bbrewster1p,1BlDCpXjxwv
gwayvill1q,FUj5qXARo8
gmaccroary1r,RL19jW1yh2pi
nwelbrock1s,KZGenk4Gytkv
mscorrer1t,6fkc97KSVJU
kcregg1u,LlLiiFsBDX
cplevin1v,vYySoG7kqBw
bgregorio1w,ZhfHssk
gnannini1x,aaeBnj
ehonsch1y,RZmEhIrsrsGj
sbootton1z,5URQejYpkq7M
pokeenan20,G4S5mVn52I0
gattrill21,KtaE4amCoVu0
mbraunter22,p5NtUdgPZ
nwodeland23,KRlzHj4
rnisby24,JXTOjn
mpaxman25,CdXn2H0Nooe3
klippett26,9NYYgBzCnV
gwix27,QCTkbvlfUfAp
aredon28,YbdAsu
wkingcott29,gJvUlHrsF
cjosefer2a,iFnZqAD
pgroomebridge2b,CABTkY
hjaffrey2c,CCXtlrj
mmingaud2d,IJfRhkJKmgdM
mpocke2e,Uds6IlUIR4
lblackall2f,M0Lr1O
mdeesly2g,cpjkk0s7Pud
jkisby2h,oDe5vqlk
hhamon2i,Lm84DOSd
amizzi2j,xUAfBVlxehh6
mjouaneton2k,OsHLPhB0Bye
cgreguol2l,oZFdj9Q8PiAD
cdequesne2m,pajWaS1
kchastelain2n,RxO1ghtgE
htreversh2o,QOZUn3
naries2p,YzsuKX5uQ
cmatteo2q,WtRzFGzmRrya
hosant2r,3AjG4Eg
jsentance2s,Yd3JnjvqU
sbeckford2t,Xqdc1rDd
lsapauton2u,4e7eCxjX
msymington2v,yVUDjkWhvo
bberriball2w,1gdhwYwVe
kswettenham2x,Rinqb8
ccharke2y,4wak7MJ85G
elongcake2z,4ZKMkjCyBFV
zelvins30,NcZrMUeRa2
wdobbyn31,ig3pDqqUIKKP
nbredee32,WEhFkoXvI
llosselyong33,MFH8vkd
ddewsbury34,8gUWaWN09
felcom35,XWxISO3R9Zf0
smatoshin36,zl4l1B6od0l
lhulson37,ij4j8JU
btodari38,UgW9W6
bdeek39,URGnS9G7oe
kfullerlove3a,mWq2dhjMqDmt
laltree3b,vAgekr
slezemore3c,gMMjcw0
bliddington3d,ggNbuO70kw
dsonschein3e,HmUdhfiule
dhavers3f,SX0VWvzbpmQ
cchicco3g,NVO3SU
tmutch3h,8TkG9bb4qP1
imaccague3i,Mht9JwPhjc
gbingley3j,PMjgySn2SMqS
sseiler3k,ZIeQd3UK1
bgorler3l,YeLda487b
edumbelton3m,nsrkAd
vruvel3n,itkkwIsgKgI
gstopper3o,lXAnKS2j
ccalkin3p,SpZOMSOCWj
shebborne3q,O4LDcK1JJ
csaulter3r,QDVfX5Czd0So
emonck3s,viL4QkN3YSW
ckrojn3t,ZOvUsyD0
bbritch3u,AQvJR1
sstrutz3v,1jBAaMr
vbuxsey3w,hMbyVsR
gbritian3x,tiFdEsYrHu
ethaw3y,GqO8lcp9nJ
ifonteyne3z,JA9XtAIT6eq
ewimlet40,8xeynpxYtgP
plindermann41,R13MIIclYgI
rkenworthey42,ERDtYo
smadine43,1gFGbFAXe
comarkey44,EJbsu7ZRw
nfeathersby45,tHm6Q7eDk
eector46,y2cMxRPIIWA5
alosel47,sh4TGKlgqm
kholmyard48,vZkEuK18T9
bcaraher49,TTTLQq7
hwharby4a,bcNdKhdGXt8Z
swimbury4b,L9VO5dB
rsirr4c,jYYBJT
gboullen4d,fzgsSv9C0Vd9
mferraraccio4e,HksMz441GQ
aroscow4f,lHfjxX
jpletts4g,knHOSzHK
lfinnick4h,UTXpO3wi5Nkj
ibosher4i,i1RdNsksl
nboarer4j,zH4S3m
fcohani4k,IJh0bD60Ej
aberndtssen4l,5G5owM
kmackessock4m,bJddgKk
mmuslim4n,8V5scXafXH
wdarcy4o,rRzuJBUl
cjosef4p,OzowEQMZy
jdrinkwater4q,X1voMUf
ncoronas4r,ElhSdnGefW
msparry4s,vBOvAzw1M
maverall4t,v2jtXzknFpQV
ivakhonin4u,3miPJH
kbentsen4v,tRdllSnkftgu
mclaringbold4w,j6GZjpiS
dcamerello4x,CcWFYm
npeirpoint4y,qGo1H0cl
arouby4z,kxKGQSe3
dclulee50,PtFlfp
rlockwood51,M27dBqg1dNS
ldabnot52,va1aAcMC
blongega53,wcekqQUqVDJe
scullen54,795TBMxZv
djasik55,lPZYvglp1qf
eparkhouse56,ApWaIzh8wqR
mmeasey57,2mgP0PFqmFQd
ksherston58,uzGjwdt
mdezuani59,ypPhqZ52T
acawse5a,Epk95e
esewill5b,Ki1KvK80UGpp
emintram5c,pZe0Be9ljHYn
bcuthbertson5d,3mIuzYiTKUp
lduligall5e,p4LMX4O1VK
mbeech5f,TwErgl5pt
lsurr5g,XNQbI0
ebeacock5h,UMGbhEKO
cmeriot5i,F6HAs6S0pmT
mvictoria5j,pyzEC5D5j7u
jlaingmaid5k,Rs1JRCf0
mloch5l,QuXFhP
sluscombe5m,HGqsfZP8Br
skingescot5n,tobmF2SRy
fdowding5o,L8E8noF
jcarlesso5p,9IKkut0
aheadon5q,GYgt48TW5
hklasing5r,VwlNWCdHLm
sblueman5s,S9ZEwqE2UiB
edeverille5t,PasYpl
drichold5u,86Q0kgDN59Yz
dferrero5v,Sw7LU6mSpHT
jklinck5w,Ej6wpdnC0XJh
lrosser5x,Z9hCVRQmyH
dclawsley5y,5Jr3nZTer57Z
tpenney5z,TnpCcoCbU
mcarlo60,mHC8PXGs3d
jzorener61,XD1YPy
cplitz62,HSYQpJUB2Wx
hcorain63,7nCvWy7Vn
csnawdon64,lAkXQt5nLY
jiredale65,p3EgDXkvvp8
ecarnier66,raZIxhdWQG
cchorlton67,Qovbao2ao
odevin68,KndfNgc
trocca69,HNkLBOZ
lmcnickle6a,J8IyYJf
ttortoishell6b,8FJ8HEY
finchbald6c,3d9E6u
sseton6d,dyJF9Y
fstearn6e,V7CBbAG0XGb
tghiotto6f,jI4S4G9pX
bmccanny6g,RVgHsmv3VBP
egeram6h,do4tWTEDUaOL
atilly6i,ETs2a1J
jedscer6j,qCDLUvTVBZL
jcrowder6k,5z1XJ2Mz
gpapes6l,DijJOLotMbP
jbarnett6m,Q9T4r3ma
svaen6n,beFUSaRjSEnq
fredrup6o,uolSfBKw3hR
ahugle6p,ssRDpj47ELdF
kdary6q,8HCE8iewd
gquinnelly6r,IYXrAGJt2D
ierricker6s,rQ4UpAdR
sfroome6t,QwMNbxG
ggoldhill6u,nBXAFgPHYKA
jgulliver6v,EkkVQ8sf9
risaksen6w,tRSiDbSeHb
cczajka6x,U6pGmkY6S
narenson6y,jyJTdjD5
scharpin6z,c1GIBwj
acostan70,1o4sxPdu
aseawell71,W2FjDK
dcoolican72,0211s6cQ3GF
rrickaert73,hp7IjMPRnWBE
jeannetta74,QG8GuJSnND
lattwoul75,jDYdokhCL
isaladino76,m72kZE
hsoppitt77,98mCcB68p3t
zholborn78,Aa3f5rg85tU
abruno79,b9y9k00m
bpiaggia7a,QWBY5jsd
icaselick7b,Z5sVBSn
hhatchett7c,x4mm16JKghrc
eyeude7d,VORd187TZSEC
cdeye7e,K6zKSD
atwelves7f,YqDb5CsZOV
achazette7g,PvOmyF96plvc
jellice7h,TAjJi5mPK
rvoss7i,Pc3Ljpcct
dtissington7j,TZsPZ7Yg5KpF
rphillins7k,3hG33OjpxwP
bhallahan7l,Sq0a6862BQ
jmilsom7m,1fsf16sly2K
lagronski7n,NrYn9AEr
tbasezzi7o,BYaU4u5Up
ssaill7p,Qqj863j
fghilks7q,6pSdp4fz2f
emaccome7r,kT1XV90
mrobertson7s,AqNgTg
ewisham7t,fFDRcW
bglassopp7u,ewBFTBWZA
hyele7v,XqIqZvhAf1S
phoggetts7w,yucyJtxYV1
abowhay7x,QFRQUt
stinker7y,kHt8JYOl98
rmcaviy7z,3k1exQwNXq
kmcgavin80,P3jF0Q
smckenny81,9t0HFopI
abrokenshaw82,GtAn6gz9
twiseman83,0rhKqbBxM6
gsoutter84,bUR1JL
mdyster85,r882lUQ1NaH
tropartz86,3fe4MyW8k
adollimore87,KeQoIf2C
hgave88,Q6NN7OHUgi6W
chutcheon89,hjwLQkCjE
llinforth8a,Y6ZvyrsL
cjerok8b,RvjkpdeFW
ihazelton8c,jHUiN5UR5rY
hprazer8d,lY2cmcj5fWs
jespina8e,NldP0jp9IL
kkeese8f,6RW4NRajD
ochattock8g,DdUymBNOQ
jandrzejak8h,mVkwDCCl
ohawksby8i,zfueed
cdanks8j,cffRtF
ahurler8k,6GguLuT9i
cphalip8l,yu0RXJ0Dqci
dmccloughlin8m,4gpXc8Pdkw
hkosel8n,MwQkv5ITuS
khedditeh8o,PTD7Ypf4aX3
vbrocklehurst8p,ynZ4Xk5BEO
gthurman8q,ativmaRSCE
pblas8r,Oqh6JLKvi
fkonmann8s,mAQcfdQFs
mmayler8t,FYzg9ySlC2
ealoshkin8u,mFdgjm2
smadle8v,O5ce9RQR1PP
imartel8w,k3UM3RCWoQI
rhitzschke8x,ORrOdwzmrj
sfrancescozzi8y,lboViVAkPZK
afountaine8z,jMJcc2ItApn1
shaylands90,guRViWxcE
cdodd91,CmcIAqBc
ataunton92,SLPEnkn
dbenwell93,pND19vha
rrubinovitsch94,ZLsoMIwY
lbeaman95,Vvv2q0bv1L
chellens96,RsR6c4trKK2
ldiclaudio97,BnwnZHapG
rferriman98,ECkkuc8CyL
dchadburn99,aJKDP1hcLa
rmiddle9a,hqvEoS9w8Fwv
fclarkin9b,nbF2qzp9152
awatsonbrown9c,fa4KCNVAqD
lanchor9d,XXJb1GTY
cjeanin9e,WF0yIRo6T2ho
tmillgate9f,VxVA7aD
kleake9g,7Dnc93
epetrie9h,02xHwxGV1O
mmaplestone9i,h61QulYQuML
disselee9j,DLYSfwHCRC
hmilbourn9k,ScnOP6G3
ularby9l,awNt7VlGHaSU
zcaro9m,owW01l
pyegorkin9n,Cqk5GBsbYax
loboy9o,tJJ2Lx5MiS
fburt9p,zyscZA4q23
lgalvin9q,Xap5nKumf
ctreversh9r,FrbddF6w
jturbitt9s,PGDH9krYAFAH
msherrett9t,w60Punu
edavidovicz9u,j4QKC7MjTRG
jfreen9v,bI31sYkZIwb
ateml9w,XzMbzKAv8Q9
pshivlin9x,Br2T8msTnY
ctrevorrow9y,CTZ5PXgCy
jridler9z,uWJQMg2
rfenkela0,t1UIidEr
bestrellaa1,PaBXdWHc
cknellera2,G2TLNWCS3
jacklanda3,ZRp1ziQOQq
gvassaya4,9dpAGWca6bGa
ebouda5,RiBkebOh6
bcobona6,Wa5XDD
mdreweta7,1KhprxE3uR5R
rlindenblutha8,ZvlRhX
macedoa9,upMqZn
tstarrsaa,w41JH0
tbatonab,ft15SzHNJ9
rpursegloveac,zHzG4EOf
abarfittad,pFtnFy91P
bjendrassikae,UAI1cM2krE
wtranfieldaf,47YY1t2
dprandyag,w8skjbg
nkemetzah,2bGgsL
mabramai,gG0HqYB
rpowderhamaj,FD3lgLJ7m
hocrevyak,vCuRSADh
dronchettial,jcFpzAPX
hchaneyam,R6lVkCLl4
hsamesan,qhXRpDz
glegginao,g9ROcouUP
jloudianeap,jFCs8Z67oNs8
lsirmondaq,LKjnk9ACT9wd
jmacdiarmondar,fWncsrTXtAvx
ltaleworthas,0fvg9gMG3n
gheckleat,BazWyD9TQuM
caguilarau,x4zgK8DSyU2
ldinsmoreav,rwco79
mfilipchikovaw,pNLbYM
ikelleax,lGRSzcVob
mburgeay,VAPsPY
mradenaz,7DTZwB
ospurdonb0,jRpMLo
ephillpottsb1,Ty8ynqI
wjeavesb2,Qax99gCFw0x
wcorbertb3,oS6bS0uL
irobuchonb4,eYmLvMUz
dcheethamb5,Jc6v7CIxjr84
lmacintoshb6,9ikQ5ZmIwN
gcrossfieldb7,ChhlVn906
bfindenb8,mA39tGg
eantonettib9,jthpiS3Btb6F
dclarkba,Fc3DiicrJ
lbutlerbowdonbb,VYLRY6
tbattingbc,jlv0JGRo
uburgenbd,8F3SXpPG
tcumminsbe,sXpBTxrIuCYu
llefwichbf,cVcBQO
bhuglibg,21l5JhMuu5
alankhambh,n4nHFBxfW28
dbatstonebi,D5vtCGVxK
kabrahmsonbj,6JAQVZbqO6
teulerbk,5CPltg
hbaldenbl,piduC7Mizy
tgreenwellbm,un5pacy
dlindholmbn,T6CWRmbChY0
gpondjonesbo,K50PV4n
ekaublebp,pSPwsFiBzL
rskainsbq,TwUfYSin802d
nungerbr,W9SBcLgG
yreyesbs,Wxtz3Qn4lG
mjessepbt,yhlUQElprp
kgullyesbu,aQP4a5E1V7Ky
hkeneleysidebv,XcSOCF5fST
tlishmanbw,5BryGNyMMhto
csemarkbx,UUNb1QY0g
kogarmenby,F9m7zM
lfareweatherbz,myVkPTws
aromanc0,pjT7NZTZhY
mcristofolc1,hr7C4YoFx
cdominguesc2,pbuasw
lbluesc3,VWzT4ceHj8x
ksaintsburyc4,ee7UFtq2tRE
glaurenzic5,LgMNOMk
kmatusevichc6,jbYqalAnlXi
rboyerc7,wQ6OUfdoGa
frowthornec8,tr6lsx
gsholemc9,z8rRR3dOLr
ablackfordca,bUXle0GJ
pveartcb,FCFdE0tbA2r
ttranfieldcc,FF6I9ZarQ
vbernuzzicd,SOXHkg1KN
hromerce,PLJtqREInB
tdebenhamcf,8pinua
charradencecg,KBDXPN3c
fchyuertonch,zDsPrZFmP3
ghaddintonci,7734G88zOd91
mtrevettcj,hREDwf7D
fshepardck,wQDCcPAmK
ecasolcl,lUD8l5b8ntT
rfraylingcm,dk6yO6FnavbO
cselbachcn,l2IlrhgXEr
mscrannyco,Cgaukz4D
ehourihanecp,tneFhiiEj5
agibkecq,YSDE0WZ7e
roclearycr,yRRvftwQ
lgranhamcs,bpzs4MKSZ
aschapiroct,hKE02by4
rhanshawecu,DQm7wQNV
cjonkecv,RZ7dcSierwSs
hteaguecw,lMKu0PREb
ngubbinscx,BCP8nB
sbairdcy,5Nm75neF1LHh
wlinleycz,CouvsCR
kkinforthd0,Ycm2lxsFw
mhamed1,MrSEC39HoMX
abazelyd2,pSC6YRV3Zx
esymondsd3,OUl4QCn0R0u
djewsond4,SjR5cxayUh
cpenkd5,r8LCDPkwtEn
adobbisond6,TFOOFH
kmacavaddyd7,MTnDhW
vruiltond8,GmTSSsWNCohs
kbambrad9,UeIGhszl6BDx
jbeckerda,cwIqA1
cnorthidgedb,0HACqOaw
ebaintondc,L1hcJnnp
mfilandd,dNc5ujG
isturtede,Fk4nJDpZ
rgarcidf,WU6pL9mFrm
nescaledg,QDaHWU9sBd
cmyttondh,d3IY0O
tvezeydi,kvUthYO7Me4
bnossentdj,XND7x1bA
adarbondk,D6KPNXknjZ
mmccanndl,zKPW6q6
fjessopdm,7oECUp
bbuckhamdn,re3ngXfNXiUR
bbeauchampdo,3YfrEVTrkYQ
mhumbydp,UodmZo
tbointondq,0AfrS2IHPbM
bpackdr,J6UOzKSPH8hs
rdreyeds,JpNt2lRJW
jwannesdt,jKl3pC6D
mkleisdu,0IPiA6ut3
gstrettelldv,n9O3gy61T
mkernleydw,cI9wde
sgniewoszdx,25wMrHM
mcarlettody,fTM7QUixd
tgainforthdz,T89CtVBD
sstradlinge0,EbeLdJ
jkalewee1,VGlxEBdG
odemangeone2,276k6dGHHfDb
araffane3,evHpO2UrXUpG
gdoolee4,YpbuVdxbV
dbausore5,WceZ3W
fdunsmoree6,iW8u2JX
qpriestmane7,sUh8BLlPd
bjance8,rdCt32C0
mwickeye9,NlexzpKVCI
hmcgownea,uDHUbes3YE1A
ariseleyeb,RpnmgVNk
danchorec,PrJu1MV
fbuchamed,FGYL6np
rtertreee,QXTSLkpoJ3tD
tramsellef,hjl1IPDs
sjohnyseg,wqyqH7xFOLQh
jswarbrickeh,lHHQis
klewknorei,ePKn1swO
gpoveleej,kEXMLvzuUP
mmannsek,IWnLhTc
nwetheredel,oYsmHu
jdunkerlyem,GSRsnRriTNl
mmckissacken,qKJVM0liJtp
bpaytoneo,we49s4U
fealamep,6DbUIl8IG
atebbuteq,e5xSQj
ccurtoiser,Wjl9W9hTBPhr
glascelleses,C0SNAXwoV
tsemmenceet,cNGpnBbUIZv
whouseneu,pCO1Fsw
fbleythinev,3ftzpkIS
jpaganew,rAAdYnX6prk
tbrigstockex,Jkf0OC0C90W0
tpinillaey,VfUxUDt
hluceyez,JgZzLi97MgeG
eshrubsallf0,Q7lzBgD
asurmanwellsf1,k2JcFlgAi
bvanderbeekf2,eIyN48k5zJtT
wmacgillf3,86Ed9VvE
jplevinf4,oRqfLufUNF
estigglesf5,8VwqJ0LThW7
lcorneliussenf6,Je2k0Nk4b
jbountifff7,OAkw1s4opw
ekilfederf8,uND07cSBw7aJ
ijewarf9,BaWOqIp
jitzhayekfa,5YILt7iEz
wberwickfb,xcQRrJxt74
ccuckoofc,OR6vqUF8
tgilliamfd,ZMFxf2OKhb
rdaillyfe,AJ5tBauO2
flovieff,cAvbMBEBj2
sbirkheadfg,t1LIPRdspT
lcorstanfh,RTkrfI
emeachanfi,aWogUErMwl
otabernerfj,HOdwgMSuS
bvondrysfk,artT310r
equestefl,bKTtfxquqs70
gmaywoodfm,ta9AKzkLR
igeerfn,zoVimAaXvl
zgwinnfo,i7ApdDB
sspaightfp,FboSVi
eclowserfq,YQYpXtRSw7g
sjinafr,Yj5SVK
mdighthamfs,0CTV9e2
lbuncombeft,HjBxL8pT
jtoselandfu,sUguEfA4vuO
mgarbuttfv,VqAUyxG
averchambrefw,OZ5WyYFnEzGs
jmarrianfx,PTuofeQCBLH6
asoppethfy,SWrgNs1YKQ
rgirkinfz,AQo4mvtyOw
cbarnsong0,vtg1Suzy1ii
rivanisovg1,WRJcNvj
tmatyasikg2,74ZH6u4CJk6
hbenedidickg3,BO4TJ7vInh
bsinkg4,zekcRb
hmeadmoreg5,v57et4A
fwestbyg6,eqAijI8iteX
nodonnellyg7,Mb4d6OD
layresg8,bsXXCmo
tmaccambridgeg9,Pz8adejxogA
bbiddlega,JPligZe
jluetchfordgb,CYNaVDAPVj
jmountaingc,oRXJYvMOUsuJ
gratkegd,OF7zKKgKW
gdomnickge,zBvfsp
njohnceygf,XJl0Hk5
dbootmangg,2kduu98d
clandsmangh,We9UkBx
kbriiginshawgi,iEbw2GTfae1
ekingdongj,eC5sCq7Hh2
oflecknellgk,wnWbzK8ef
dgellinggl,4e9IhlklvZ
ttaggettgm,0lbYNu
bcoytesgn,B7fvzimkamp
coshieldsgo,hS8HSrD
sdunngp,ZUnSnoBLBdU
sdittsgq,3X1FKsD
dfawdriegr,S9YOcUbI0BAV
cmitkings,wyQkNikg6e
rstanboroughgt,jqVomk
bcoatsworthgu,dxbJv4gEO5w
amcnalleygv,4P0dHQUWB1
obeacomgw,J5W9270O6
ecavendishgx,3uH998eq5x
amarciskewskigy,UHJ5gLpHknd3
lseinegz,mNe57UhmMFcM
alehrh0,utE5BOxeY
dfoottith1,FhNDiUeN
hbensusanh2,WEowcYxn
rmackiesonh3,52pFry
acometsonh4,68IfHf1ql
cwellsteadh5,GyHu33tllMnO
scocksh6,b4W9xlEJ
kgirardoth7,HMuQZ2mooPO
tmuschetteh8,4bQul6
mwoolnoughh9,dmhu8wazIc
emaboneha,ZBmP1Q0
afolomkinhb,SNEzxnmU
nbarbiehc,ZHgzTpWHXH
dheinishhd,obpwBrwaa7
mtidgewellhe,PLRrhsAq0P
porshf,JKbizVXw
pgollophg,upIfz9q
abudibenthh,dm1Oyiv
lcahi,iytTqq7qqQ9
mmugghj,sCfsdcuox
csopperhk,Kas77k0aJ4
tmosconihl,SIW6lnH
bpykermanhm,NuqbaoGJ
lniblockhn,MFqYPzM6jXO
jtaggertyho,zoC56gKmwZc
mplumridgehp,6YUQPxWuDEa
blawlandhq,NdVLJGeIky
btewkesberriehr,ggSzeV
vpracyhs,JNnEpwcvY
atrevorht,pi6xYnkIbZH
rlibreroshu,Wf2bjmKuGl2
cbechleyhv,9WpnGONk
sloftushw,uYen8y
ccodringtonhx,XOVL3gz
amacquisthy,ZB5PMvt
dcoddingtonhz,9T4QZ3aZ
jrileyi0,jJj60nBzyC
sburcombei1,ftT8LrfP3BRb
graeburni2,Ps4XmQdgPuW
fthairsi3,RRO06Ke4Dr
aambagei4,jfaRiqESQ
mblythi5,CBN6x7o
jgummowi6,XXcwYfo
espriggingi7,mOxNnY
lbiggsi8,HPldvZzVjhbe
jmaccostyei9,5pqfnZ4naC
nfishpondia,r7Q9g9
tbrandinoib,8uY09DLdY
kbaudouic,MKHqXZpKTUSP
mcreaseyid,MREMI9446
clongmireie,A9ITzx7un1bf
mtinwellif,3VjUMhD7d6Am
cdalyellig,apAMu0EIb
sjeffersonih,St5o93OPs
marnholzii,f4kfsthxjD2B
knoellij,jnzKuv4GtPy
qgoverik,nL1VLFX9D
tchesleyil,HB6nsHQwn
amarshim,f5Ajo2T3
thodcroftin,QMP8bxR
pbrysonio,6spjo1MxTUO
horrittip,ZQ6NUKJlMhC
rgrixiq,J6uB3pxn
lspadaroir,so31QXnkYk
melgramis,hr8QLn0LMT
mwroughtit,UiG6qjoG3R2
nkondratiu,upoMgCGar
jstockiniv,gtiGqY
vdenisyeviw,Wp7XaRid
eholdinix,mZCR1VOPk
iburleiy,oLv4xB2aN
aharberiz,09TVJt0mzH
llorencj0,HFrsrEx
abrownsteinj1,lb39x9o
dbassingdenj2,WNRXK7W0vwDE
weltonej3,BUI7Irjz
rtilnej4,ztPKmjnfYubC
tbettenayj5,fLbgzKxdg
cludyej6,T6os6Fy9mCv
jcyplerj7,erUssteVI6B7
ccovielloj8,ftxoe3wSq3y
bzecchinij9,KwbL7ZMrVOS
bmaccollja,5ezsSH
dmanleyjb,DAFVtUL
nkennerjc,hwukcdYQDtq
gmoggachjd,d7R3uOWUz5
dfehnerje,JZvHb4pX
ehrynczykjf,GiwOqVSpkUZ
gfowlejg,xLDAcSsn
jdameiselejh,iHLA2y
aduddinji,nt20EhUrfU
fchoudhuryjj,70PZq4L
mmarshallsayjk,GN82HrFcqJz
lbartlamjl,j7ODVas
aparfittjm,zP80CFZ
ppynnerjn,6YLQD3UeRQdz
ndongalljo,rRYynGL
ggillmorejp,scT1t2
dolexajq,tCcSJnFTu93F
anuttingjr,Ebn9ClYQC
alefeaverjs,kr8KkkQ
htustinjt,HYZxt5ad
rjiggensju,K8o2DShnT
mnelissenjv,ufuPkkTb
amccayjw,qRJXlw32U8uS
rsollimejx,BnOkAVRLXPJ
amcgivenajy,xBq3b1wWB3
cgadaultjz,iawm144Z6R
tiglesiask0,K3aa5OSmN
iswindellsk1,BP5TTOZ
ddanniellk2,S4Rr8vuxn1
wpatronok3,G3DvUCP
nrauk4,oM77BP
rdecourceyk5,9TkhxnURh3V
smangeneyk6,oECcEhSMB8
gsteerek7,ycH7Is3
acollmank8,msTFiwhHdSL
rdeamerk9,LPUL35V
jtucsellka,32kQU0
mturneauxkb,Lyv9SDIzY
vcouchakc,BKWIGN4Nd0
mhaggaskd,iCIJhP
hwandlesske,0hmTFusEjcw3
ephippinkf,TG9SfIJPJI2d
amacneachtainkg,JbpYHNZRD
mcheeldkh,skKZ3bKnQGO
jtolossiki,XLRTt48R5So
cguillotkj,Pt6RKyUnc
wreusskk,SxN4zO8
grothkl,avVDPMgmZdOe
lmandreykm,R055D8nsb1Nb
rgligorijevickn,JWXIzyuc
nsergeantko,dpiYQ4tp5z
lcicccittikp,f8fY3f
cbennskq,VwAxiW1
hreddickkr,B3gRSHp
mvedntyevks,L1RZRiPxqD
kyegorkovkt,n3nQRT3j
lboolerku,rcjAiUVAyH
rprandinkv,GE0DpDH
kdergeskw,bxnANr
ldonettkx,EpJ9ZUKNSr
sbiddwellky,dsNtshPHsJL
ajarvillekz,Tp0MU5gV
kdanilinl0,fHO2U2cty
hmilmoel1,nAeKgBV
fcristofoll2,N98zJz8UX
dbandl3,YWRPWm63YTD
mczajal4,V7mgHjHm
scoltartl5,enmHvXTzA
tleppardl6,K2RWbZVu
hofallonel7,WeboOLhXy
sgilliardl8,9NN1CvAhgy9f
gjarayl9,2121vsr6R
pkantorla,eltKvT
dgyelb,j4jnYcCZG
kfiddymontlc,RL3JN5xpb
mfeldhuhnld,n34i3hChTP1
wtiddemanle,XOCTyvRPfe9
tfarrearslf,OyhYFeN4vUbM
dstoreylg,RocUy6
fwhitsunlh,LhQdzpyvopV
mgammellli,yIaCfy1ZmbZ
cgrissettlj,FGU5fX
lholdronlk,9P2hStBa2b
cstreetonll,82vUabs
mleerlm,kAfZIuWEfUpj
dnewburnln,pKAxSkod8
dsouthlo,VXnjEFQttk
atealelp,Zdo7UCoGzqC
dbramptonlq,FWUu4AsVnW
etogherlr,j6xdMeSKA8
mbartakls,04zSYPI
kmcdermidlt,nNdmWtjbZFok
cherreranlu,dNt0Ve8fv
fthreadgalllv,5NPLZDPCT3DC
sdecristofalolw,SkfpKksE
gsimenellx,BR7pnubn
norchardly,vSDksZOqsVC
ccasellz,4RORoUd
eohederscollm0,Zjdrc9yj
mbramontm1,Mrtvwr3
bfrancombem2,lONknia
dwimpm3,gYIqpt1vhN
cmettrickem4,rNUHaK9wFEV
gzaninim5,HIEcYCM
lflamentm6,HD9CWpq
egrogonam7,AjyKUaq
atinem8,5VMyEbESJJ
bknollerm9,c6fx7NTAj8
ipepperma,O7qYCcAC
klavrickmb,9Hb0E3C
iklambtmc,2bw2HuLwKtpL
dbenzmd,6kSWmRtv
alambrechtsme,RL9rte
tbergstrammf,q0W8B2I
rcoldbreathmg,QKoXlZS5rujB
jcovellmh,OYs3c6qn2
jtinceymi,3GJvteLHkht
rphizackerlymj,rsQ4okC
icorringtonmk,qu0S18cO
aabbetml,UdJoX6Qt
cskedgemm,kihKps
otracemn,Gpq5qD
cgarstangmo,1d9eOp
dwhittetmp,XVUHZTfBAM
rmaccartermq,33HNWYHx7
vjeckellmr,LcnXFc34
ccallumms,gEQlGQ
nyurlovmt,Ry0jL4bo12f6
tcastelijnmu,9lG4jlG52
lstrongmanmv,dW85ed0
bcanteramw,GW2ttU0dc
agerreltsmx,J6ZRH3qm2K
gdaintreemy,WtKtHiCIYR
ehambatchmz,DUskoKpv
gofogertyn0,a2QHvVrWRmB
djonesn1,GaWVVtvfnOMg
rkirtleyn2,Bffn5La
gchaffern3,7Pp5EiLV
cwilflingern4,pejzY6
bwormaldn5,1gZAvuc0Z8r
rbernoletn6,0py9oo
msiven7,drlsOOWWY
jbreedsn8,kgtiZhpkVDh
rwestphaln9,AKpit1f
mcroalna,ZDfQQwXQTH
emenghinb,nyR3Fv1ocRTv
fsiderfinnc,7scZnI
ndavagend,u1lMc0vJ
mleppardne,oS5aHLN3QzZ
gbroscheknf,eO4Q3z
kfitzmauriceng,zb1oReUFAX0
mwhaymandnh,A1Xhs6Ch
eleslieni,jgguu4joLPXs
relfesnj,BmqfNaSsxS
lyoulesnk,JGWF5J
abirknl,vWLUSgdWM
rcordovanm,ewqk5Kw89Vo2
dcornelissennn,mVybo5
clohdeno,Knzk1E5FS
llightennp,migAkgzfZSR
tbottermannq,fYK9z1
rhartellnr,byL8aef
rtomasins,yfPg6vIMR
mmostennt,FahswcO
apoultonnu,V89Agn6sv7
ayoakleynv,WepbsL
cbrattynw,VbLvWa7x3tI
bfairhurstnx,s7sAG3m8mcJA
mfrodsamny,1Kr7WyTa
rmclevienz,Q8EOC0BN
kbickmoreo0,JPBOfPr8
fellardo1,F52XPetXIfmP
eleybando2,7GFtrfZrLJ
ysmorthwaiteo3,A927WlF2D1Q
kavisso4,LkhhrSo
bchisholmo5,V2I0CoLP05
djacqueso6,K3lqZL2wEa
rpetriceko7,mOpb3r
mcaroo8,TEWGoCTiWL
vemeryo9,LUIIxRgFJ
tbendixoa,DIRDtps13
jhucksterob,IA06ReB3Cz
krawsenoc,9seBqh
dgoeffod,JfVkMZv
apollendineoe,IEzq3N3VnCZj
lskurmof,3WW1Wo0uV2DI
gemmattog,JdfnfqKq
ejacquetoh,JXufYlLIEZX
gfitchenoi,rkWO9TnoQSN
agandeyoj,xY9jVG
ceayresok,bfcvOjnrppc
nkhadirol,uE3tIsFYsoTs
sbarckom,ZzcpyDrHxg
drowthorneon,eiHj411BmI
switheringtonoo,J25DVEN0m
dfennelowop,IQtVO62Y3
gbrigdaleoq,z9h8YcX
fdonnor,bias51t
mmargaretos,J1UrPZoN
cpurpleot,qbdUJXMC
abernardinou,oWi4qZlR
kgittingov,s7PNoeCm9
kseckerow,abLF9DFJWl8O
ipentinox,SLpEMjkj
klissandrinioy,WSTmrzIzPAvX
lmatticcioz,1kftbKP
dgaughanp0,V6IWP2iXBy
ifoxworthyp1,WRsTbEpUUQ
derskinesandysp2,18qsbaVIP7Jh
amantp3,47hyEAutE
bpiperleyp4,NqmdQTNN
morknayp5,ramVEm
tcoughlanp6,a5mECFSlvYpC
wlethebridgep7,Rasep7ePcR
hbleezep8,1OuyVf
fbobaschp9,lLksWvC
dhutcheonpa,j1xuRHkRquH
fhamblingtonpb,APGvOEmFtm05
gvedyashkinpc,wTDPrm7
hlilleymanpd,eVNhGgBNV
bcominipe,uOGhKmJL6HR
hdorypf,czDUnoUqjki
amaccawleypg,YBlaNsME
droycroftph,dxa3albEwit
sransonpi,B4Kwujkq9
simortpj,OUKvbGdOBX
kdelislepk,1PhOdFn
mrouffpl,3E0gNCd
fsawellpm,sWlh7TQGvh
llockyerpn,GSV8g4
cpandiepo,ypU4lBFM
mpourepp,0v7TMsJAnms
hdomneypq,IhGbdYnulQJ
bsawnwypr,RDe8I0yc27pa
selgeeps,Wp7mxg6rl
whessenthalerpt,QSN7tVCONXvO
mfarquharsonpu,OO4dJ8E
bdurnianpv,ORQ7FsM
ddawtonpw,73UZ9qJGYM1
ttyttertonpx,98PuxQJE
evalenciapy,OKExrNV
rburdepz,jDFCIZ8GZM61
vgerretsenq0,Kcpe8ZOnl4
rbestwallq1,IQJFstyl5
srelfq2,f7lonSg
rmaccarrollq3,xbAbfU
aajamq4,SiT3K83
bockwellq5,SUpcU4sFI
agiacoboniq6,OyjYz7gadod
jgrossq7,KGQ9Cle
agernierq8,itHCRgs
ltippinq9,czPhGElnA9a
bbenningqa,P6jQcaA4y
mgrenkovqb,spvKna7f
rpickerinqc,aFWBU9SuytxQ
kflindersqd,LX2UDjKH5
whallattqe,x6Fm4K
rkilfedderqf,yeepI3Yrl
pbielfeldtqg,r8we0q1h
tmccorrieqh,ywh5EW
mmacerqi,fb408vneZ1
eankrettqj,Kcuxi2PR
rgrummittqk,bmEn0A
cdeinertql,IbCwNjhcTuV
rsumnallqm,MJdIdGIn
erosnauqn,ZRHWYmAFUy
inethercottqo,TqtdF9
dcardingqp,AxH8uKv
sstodartqq,SsSqpAUk4L
cphilippqr,97wUMTh7K7
sjaquestqs,LAXrY2jb
cbrasonqt,QKG90C
cmatressequ,UMcvS1
swaggettqv,iA3yjdyzRRJR
eprobateqw,8TWZZdPEBI
mmacgarveyqx,lbVLj8EuO
mpoutonqy,ymp7aCJI6SL
jmahareyqz,SZa5YU
cstovingr0,Zhm0GNJf8rDL
ogiorgettir1,0K7Y0u
emitchardr2,6mWU8msBPr
rgreensetr3,XqeQi1nU
wvertiganr4,KDKjOZMXS
phannonr5,3l8eTaO
jgreghr6,oBMSZ36KrX
mdunkertonr7,xDRNsMiL7i1L
chalgarthr8,bTq5Viqpdn
cpilkingtonr9,HD8HrV
agirardira,CzeA8dktuD
randreollirb,5JlPhwPs1K
ninglibyrc,qruatooJe4
ipengillyrd,CEASlzR7
lpoundre,79ln2pcmp
hkeningleyrf,KQ9FYSdH
criggottrg,qczEjq
apartletonrh,NPxZj5a1n
ngiamettiri,rqBOB3pFp
eivashintsovrj,wKjoO2I
peltonerk,vNFG2UZB5
crainfordrl,xDgELJ3
hevangelinosrm,i56Q4I
hpetleyrn,A3DroRUm1q
tcornuauro,ipjHqg
kvowdonrp,yuHlM6MtBF
lhiscokerq,gSCFHbrqYk
tcarrettrr,MgE4ORDFa
